This is pdfTeXk, Version 3.141592-1.40.3 (Web2C 7.5.6) (format=pdflatex 2007.12.14)  8 MAR 2014 15:26
entering extended mode
\write18 enabled.
 file:line:error style messages enabled.
 %&-line parsing enabled.
**root.tex
(./root.tex
LaTeX2e <2005/12/01>
Babel <v3.8h> and hyphenation patterns for english, usenglishmax, dumylang, noh
yphenation, arabic, basque, bulgarian, coptic, welsh, czech, slovak, german, ng
erman, danish, esperanto, spanish, catalan, galician, estonian, farsi, finnish,
 french, greek, monogreek, ancientgreek, croatian, hungarian, interlingua, ibyc
us, indonesian, icelandic, italian, latin, mongolian, dutch, norsk, polish, por
tuguese, pinyin, romanian, russian, slovenian, uppersorbian, serbian, swedish, 
turkish, ukenglish, ukrainian, loaded.
(/usr/local/texlive/2007/texmf-dist/tex/latex/base/book.cls
Document Class: book 2005/09/16 v1.4f Standard LaTeX document class
(/usr/local/texlive/2007/texmf-dist/tex/latex/base/bk10.clo
File: bk10.clo 2005/09/16 v1.4f Standard LaTeX file (size option)
)
\c@part=\count79
\c@chapter=\count80
\c@section=\count81
\c@subsection=\count82
\c@subsubsection=\count83
\c@paragraph=\count84
\c@subparagraph=\count85
\c@figure=\count86
\c@table=\count87
\abovecaptionskip=\skip41
\belowcaptionskip=\skip42
\bibindent=\dimen102
)
(/usr/local/texlive/2007/texmf-dist/tex/latex/graphics/graphicx.sty
Package: graphicx 1999/02/16 v1.0f Enhanced LaTeX Graphics (DPC,SPQR)

(/usr/local/texlive/2007/texmf-dist/tex/latex/graphics/keyval.sty
Package: keyval 1999/03/16 v1.13 key=value parser (DPC)
\KV@toks@=\toks14
)
(/usr/local/texlive/2007/texmf-dist/tex/latex/graphics/graphics.sty
Package: graphics 2006/02/20 v1.0o Standard LaTeX Graphics (DPC,SPQR)

(/usr/local/texlive/2007/texmf-dist/tex/latex/graphics/trig.sty
Package: trig 1999/03/16 v1.09 sin cos tan (DPC)
)
(/usr/local/texlive/2007/texmf/tex/latex/config/graphics.cfg
File: graphics.cfg 2007/01/18 v1.5 graphics configuration of teTeX/TeXLive
)
Package graphics Info: Driver file: pdftex.def on input line 90.

(/usr/local/texlive/2007/texmf-dist/tex/latex/pdftex-def/pdftex.def
File: pdftex.def 2007/01/08 v0.04d Graphics/color for pdfTeX
\Gread@gobject=\count88
))
\Gin@req@height=\dimen103
\Gin@req@width=\dimen104
)
(/usr/local/texlive/2007/texmf-dist/tex/latex/base/alltt.sty
Package: alltt 1997/06/16 v2.0g defines alltt environment
)
(/usr/local/texlive/2007/texmf-dist/tex/latex/base/latexsym.sty
Package: latexsym 1998/08/17 v2.2e Standard LaTeX package (lasy symbols)
\symlasy=\mathgroup4
LaTeX Font Info:    Overwriting symbol font `lasy' in version `bold'
(Font)                  U/lasy/m/n --> U/lasy/b/n on input line 47.
)
(/usr/local/texlive/2007/texmf-dist/tex/latex/tools/array.sty
Package: array 2005/08/23 v2.4b Tabular extension package (FMi)
\col@sep=\dimen105
\extrarowheight=\dimen106
\NC@list=\toks15
\extratabsurround=\skip43
\backup@length=\skip44
) (./chicago.sty
Using Chicago Manual of Style bibliography: 31 August 1992
\bibhang=\skip45
\bibindent=\dimen107
) (/usr/local/texlive/2007/texmf-dist/tex/latex/tools/multicol.sty
Package: multicol 2006/05/18 v1.6g multicolumn formatting (FMi)
\c@tracingmulticols=\count89
\mult@box=\box26
\multicol@leftmargin=\dimen108
\c@unbalance=\count90
\c@collectmore=\count91
\doublecol@number=\count92
\multicoltolerance=\count93
\multicolpretolerance=\count94
\full@width=\dimen109
\page@free=\dimen110
\premulticols=\dimen111
\postmulticols=\dimen112
\multicolsep=\skip46
\multicolbaselineskip=\skip47
\partial@page=\box27
\last@line=\box28
\mult@rightbox=\box29
\mult@grightbox=\box30
\mult@gfirstbox=\box31
\mult@firstbox=\box32
\@tempa=\box33
\@tempa=\box34
\@tempa=\box35
\@tempa=\box36
\@tempa=\box37
\@tempa=\box38
\@tempa=\box39
\@tempa=\box40
\@tempa=\box41
\@tempa=\box42
\@tempa=\box43
\@tempa=\box44
\@tempa=\box45
\@tempa=\box46
\@tempa=\box47
\@tempa=\box48
\@tempa=\box49
\c@columnbadness=\count95
\c@finalcolumnbadness=\count96
\last@try=\dimen113
\multicolovershoot=\dimen114
\multicolundershoot=\dimen115
\mult@nat@firstbox=\box50
\colbreak@box=\box51
)
(/usr/local/texlive/2007/texmf-dist/tex/latex/base/makeidx.sty
Package: makeidx 2000/03/29 v1.0m Standard LaTeX package
)
(/usr/local/texlive/2007/texmf-dist/tex/latex/wrapfig/wrapfig.sty
\wrapoverhang=\dimen116
\WF@size=\dimen117
\c@WF@wrappedlines=\count97
\WF@box=\box52
\WF@everypar=\toks16
Package: wrapfig 2003/01/31  v 3.6
)
(/usr/local/texlive/2007/texmf-dist/tex/latex/fourier/fourier.sty
Package: fourier 2005/01/01 1.4 fourier-GUTenberg package

(/usr/local/texlive/2007/texmf-dist/tex/latex/base/fontenc.sty
Package: fontenc 2005/09/27 v1.99g Standard LaTeX package

(/usr/local/texlive/2007/texmf-dist/tex/latex/base/t1enc.def
File: t1enc.def 2005/09/27 v1.99g Standard LaTeX file
LaTeX Font Info:    Redeclaring font encoding T1 on input line 43.
))
(/usr/local/texlive/2007/texmf-dist/tex/latex/base/textcomp.sty
Package: textcomp 2005/09/27 v1.99g Standard LaTeX package
Package textcomp Info: Sub-encoding information:
(textcomp)               5 = only ISO-Adobe without \textcurrency
(textcomp)               4 = 5 + \texteuro
(textcomp)               3 = 4 + \textohm
(textcomp)               2 = 3 + \textestimated + \textcurrency
(textcomp)               1 = TS1 - \textcircled - \t
(textcomp)               0 = TS1 (full)
(textcomp)             Font families with sub-encoding setting implement
(textcomp)             only a restricted character set as indicated.
(textcomp)             Family '?' is the default used for unknown fonts.
(textcomp)             See the documentation for details.
Package textcomp Info: Setting ? sub-encoding to TS1/1 on input line 71.

(/usr/local/texlive/2007/texmf-dist/tex/latex/base/ts1enc.def
File: ts1enc.def 2001/06/05 v3.0e (jk/car/fm) Standard LaTeX file
)
LaTeX Info: Redefining \oldstylenums on input line 266.
Package textcomp Info: Setting cmr sub-encoding to TS1/0 on input line 281.
Package textcomp Info: Setting cmss sub-encoding to TS1/0 on input line 282.
Package textcomp Info: Setting cmtt sub-encoding to TS1/0 on input line 283.
Package textcomp Info: Setting cmvtt sub-encoding to TS1/0 on input line 284.
Package textcomp Info: Setting cmbr sub-encoding to TS1/0 on input line 285.
Package textcomp Info: Setting cmtl sub-encoding to TS1/0 on input line 286.
Package textcomp Info: Setting ccr sub-encoding to TS1/0 on input line 287.
Package textcomp Info: Setting ptm sub-encoding to TS1/4 on input line 288.
Package textcomp Info: Setting pcr sub-encoding to TS1/4 on input line 289.
Package textcomp Info: Setting phv sub-encoding to TS1/4 on input line 290.
Package textcomp Info: Setting ppl sub-encoding to TS1/3 on input line 291.
Package textcomp Info: Setting pag sub-encoding to TS1/4 on input line 292.
Package textcomp Info: Setting pbk sub-encoding to TS1/4 on input line 293.
Package textcomp Info: Setting pnc sub-encoding to TS1/4 on input line 294.
Package textcomp Info: Setting pzc sub-encoding to TS1/4 on input line 295.
Package textcomp Info: Setting bch sub-encoding to TS1/4 on input line 296.
Package textcomp Info: Setting put sub-encoding to TS1/5 on input line 297.
Package textcomp Info: Setting uag sub-encoding to TS1/5 on input line 298.
Package textcomp Info: Setting ugq sub-encoding to TS1/5 on input line 299.
Package textcomp Info: Setting ul8 sub-encoding to TS1/4 on input line 300.
Package textcomp Info: Setting ul9 sub-encoding to TS1/4 on input line 301.
Package textcomp Info: Setting augie sub-encoding to TS1/5 on input line 302.
Package textcomp Info: Setting dayrom sub-encoding to TS1/3 on input line 303.
Package textcomp Info: Setting dayroms sub-encoding to TS1/3 on input line 304.

Package textcomp Info: Setting pxr sub-encoding to TS1/0 on input line 305.
Package textcomp Info: Setting pxss sub-encoding to TS1/0 on input line 306.
Package textcomp Info: Setting pxtt sub-encoding to TS1/0 on input line 307.
Package textcomp Info: Setting txr sub-encoding to TS1/0 on input line 308.
Package textcomp Info: Setting txss sub-encoding to TS1/0 on input line 309.
Package textcomp Info: Setting txtt sub-encoding to TS1/0 on input line 310.
Package textcomp Info: Setting futs sub-encoding to TS1/4 on input line 311.
Package textcomp Info: Setting futx sub-encoding to TS1/4 on input line 312.
Package textcomp Info: Setting futj sub-encoding to TS1/4 on input line 313.
Package textcomp Info: Setting hlh sub-encoding to TS1/3 on input line 314.
Package textcomp Info: Setting hls sub-encoding to TS1/3 on input line 315.
Package textcomp Info: Setting hlst sub-encoding to TS1/3 on input line 316.
Package textcomp Info: Setting hlct sub-encoding to TS1/5 on input line 317.
Package textcomp Info: Setting hlx sub-encoding to TS1/5 on input line 318.
Package textcomp Info: Setting hlce sub-encoding to TS1/5 on input line 319.
Package textcomp Info: Setting hlcn sub-encoding to TS1/5 on input line 320.
Package textcomp Info: Setting hlcw sub-encoding to TS1/5 on input line 321.
Package textcomp Info: Setting hlcf sub-encoding to TS1/5 on input line 322.
Package textcomp Info: Setting pplx sub-encoding to TS1/3 on input line 323.
Package textcomp Info: Setting pplj sub-encoding to TS1/3 on input line 324.
Package textcomp Info: Setting ptmx sub-encoding to TS1/4 on input line 325.
Package textcomp Info: Setting ptmj sub-encoding to TS1/4 on input line 326.
)
(/usr/local/texlive/2007/texmf-dist/tex/latex/fourier/fourier-orns.sty
Package: fourier-orns 2004/01/30 1.1 fourier-ornaments package
)
LaTeX Font Info:    Redeclaring symbol font `operators' on input line 50.


LaTeX Font Warning: Encoding `OT1' has changed to `T1' for symbol font
(Font)              `operators' in the math version `normal' on input line 50.

LaTeX Font Info:    Overwriting symbol font `operators' in version `normal'
(Font)                  OT1/cmr/m/n --> T1/futs/m/n on input line 50.

LaTeX Font Warning: Encoding `OT1' has changed to `T1' for symbol font
(Font)              `operators' in the math version `bold' on input line 50.

LaTeX Font Info:    Overwriting symbol font `operators' in version `bold'
(Font)                  OT1/cmr/bx/n --> T1/futs/m/n on input line 50.
LaTeX Font Info:    Overwriting symbol font `operators' in version `bold'
(Font)                  T1/futs/m/n --> T1/futs/b/n on input line 51.
LaTeX Font Info:    Redeclaring symbol font `letters' on input line 59.

LaTeX Font Warning: Encoding `OML' has changed to `FML' for symbol font
(Font)              `letters' in the math version `normal' on input line 59.

LaTeX Font Info:    Overwriting symbol font `letters' in version `normal'
(Font)                  OML/cmm/m/it --> FML/futmi/m/it on input line 59.

LaTeX Font Warning: Encoding `OML' has changed to `FML' for symbol font
(Font)              `letters' in the math version `bold' on input line 59.

LaTeX Font Info:    Overwriting symbol font `letters' in version `bold'
(Font)                  OML/cmm/b/it --> FML/futmi/m/it on input line 59.
\symotherletters=\mathgroup5
LaTeX Font Info:    Overwriting symbol font `letters' in version `bold'
(Font)                  FML/futmi/m/it --> FML/futmi/b/it on input line 61.
LaTeX Font Info:    Overwriting symbol font `otherletters' in version `bold'
(Font)                  FML/futm/m/it --> FML/futm/b/it on input line 62.
LaTeX Font Info:    Redeclaring math symbol \Gamma on input line 63.
LaTeX Font Info:    Redeclaring math symbol \Delta on input line 64.
LaTeX Font Info:    Redeclaring math symbol \Theta on input line 65.
LaTeX Font Info:    Redeclaring math symbol \Lambda on input line 66.
LaTeX Font Info:    Redeclaring math symbol \Xi on input line 67.
LaTeX Font Info:    Redeclaring math symbol \Pi on input line 68.
LaTeX Font Info:    Redeclaring math symbol \Sigma on input line 69.
LaTeX Font Info:    Redeclaring math symbol \Upsilon on input line 70.
LaTeX Font Info:    Redeclaring math symbol \Phi on input line 71.
LaTeX Font Info:    Redeclaring math symbol \Psi on input line 72.
LaTeX Font Info:    Redeclaring math symbol \Omega on input line 73.
LaTeX Font Info:    Redeclaring symbol font `symbols' on input line 113.

LaTeX Font Warning: Encoding `OMS' has changed to `FMS' for symbol font
(Font)              `symbols' in the math version `normal' on input line 113.

LaTeX Font Info:    Overwriting symbol font `symbols' in version `normal'
(Font)                  OMS/cmsy/m/n --> FMS/futm/m/n on input line 113.

LaTeX Font Warning: Encoding `OMS' has changed to `FMS' for symbol font
(Font)              `symbols' in the math version `bold' on input line 113.

LaTeX Font Info:    Overwriting symbol font `symbols' in version `bold'
(Font)                  OMS/cmsy/b/n --> FMS/futm/m/n on input line 113.
LaTeX Font Info:    Redeclaring symbol font `largesymbols' on input line 114.

LaTeX Font Warning: Encoding `OMX' has changed to `FMX' for symbol font
(Font)              `largesymbols' in the math version `normal' on input line 1
14.

LaTeX Font Info:    Overwriting symbol font `largesymbols' in version `normal'
(Font)                  OMX/cmex/m/n --> FMX/futm/m/n on input line 114.

LaTeX Font Warning: Encoding `OMX' has changed to `FMX' for symbol font
(Font)              `largesymbols' in the math version `bold' on input line 114
.

LaTeX Font Info:    Overwriting symbol font `largesymbols' in version `bold'
(Font)                  OMX/cmex/m/n --> FMX/futm/m/n on input line 114.
LaTeX Font Info:    Redeclaring math alphabet \mathbf on input line 115.
LaTeX Font Info:    Overwriting math alphabet `\mathbf' in version `normal'
(Font)                  OT1/cmr/bx/n --> T1/futs/bx/n on input line 115.
LaTeX Font Info:    Overwriting math alphabet `\mathbf' in version `bold'
(Font)                  OT1/cmr/bx/n --> T1/futs/bx/n on input line 115.
LaTeX Font Info:    Redeclaring math alphabet \mathrm on input line 116.
LaTeX Font Info:    Redeclaring math alphabet \mathit on input line 117.
LaTeX Font Info:    Overwriting math alphabet `\mathit' in version `normal'
(Font)                  OT1/cmr/m/it --> T1/futs/m/it on input line 117.
LaTeX Font Info:    Overwriting math alphabet `\mathit' in version `bold'
(Font)                  OT1/cmr/bx/it --> T1/futs/m/it on input line 117.
LaTeX Font Info:    Redeclaring math alphabet \mathcal on input line 118.
LaTeX Font Info:    Redeclaring math symbol \parallel on input line 134.
LaTeX Font Info:    Redeclaring math symbol \hbar on input line 148.
LaTeX Font Info:    Redeclaring math symbol \varkappa on input line 186.
LaTeX Font Info:    Redeclaring math symbol \varvarrho on input line 187.
LaTeX Font Info:    Redeclaring math delimiter \Vert on input line 210.
LaTeX Font Info:    Redeclaring math delimiter \vert on input line 215.
LaTeX Font Info:    Redeclaring math delimiter \Downarrow on input line 225.
LaTeX Font Info:    Redeclaring math delimiter \backslash on input line 227.
LaTeX Font Info:    Redeclaring math delimiter \rangle on input line 229.
LaTeX Font Info:    Redeclaring math delimiter \langle on input line 231.
LaTeX Font Info:    Redeclaring math delimiter \rbrace on input line 233.
LaTeX Font Info:    Redeclaring math delimiter \lbrace on input line 235.
LaTeX Font Info:    Redeclaring math delimiter \rceil on input line 237.
LaTeX Font Info:    Redeclaring math delimiter \lceil on input line 239.
LaTeX Font Info:    Redeclaring math delimiter \rfloor on input line 241.
LaTeX Font Info:    Redeclaring math delimiter \lfloor on input line 243.
LaTeX Font Info:    Redeclaring math accent \acute on input line 247.
LaTeX Font Info:    Redeclaring math accent \grave on input line 248.
LaTeX Font Info:    Redeclaring math accent \ddot on input line 249.
LaTeX Font Info:    Redeclaring math accent \tilde on input line 250.
LaTeX Font Info:    Redeclaring math accent \bar on input line 251.
LaTeX Font Info:    Redeclaring math accent \breve on input line 252.
LaTeX Font Info:    Redeclaring math accent \check on input line 253.
LaTeX Font Info:    Redeclaring math accent \hat on input line 254.
LaTeX Font Info:    Redeclaring math accent \dot on input line 255.
LaTeX Font Info:    Redeclaring math accent \mathring on input line 256.
\symUfutm=\mathgroup6
) (/usr/local/texlive/2007/texmf-dist/tex/latex/psnfss/helvet.sty
Package: helvet 2005/04/12 PSNFSS-v9.2a (WaS) 
)
(/usr/local/texlive/2007/texmf-dist/tex/latex/graphics/color.sty
Package: color 2005/11/14 v1.0j Standard LaTeX Color (DPC)

(/usr/local/texlive/2007/texmf/tex/latex/config/color.cfg
File: color.cfg 2007/01/18 v1.5 color configuration of teTeX/TeXLive
)
Package color Info: Driver file: pdftex.def on input line 130.
)
(/usr/local/texlive/2007/texmf-dist/tex/latex/eso-pic/eso-pic.sty
Package: eso-pic 2006/07/14 v1.1d eso-pic (RN)

(/usr/local/texlive/2007/texmf-dist/tex/latex/everyshi/everyshi.sty
Package: everyshi 2001/05/15 v3.00 EveryShipout Package (MS)
))
\c@example=\count98
\c@exercise=\count99
\c@definition=\count100
\@indexfile=\write3
\openout3 = `root.idx'.


Writing index file root.idx
(./root.aux (./titlepage.aux) (./0.aux) (./1.aux) (./2.aux) (./3.aux) (./4.aux)
(./5.aux) (./6.aux) (./7.aux) (./8.aux) (./9.aux) (./10.aux) (./11.aux)
(./12.aux) (./13.aux) (./14.aux) (./15.aux) (./16.aux) (./17.aux) (./18.aux)
(./19.aux) (./20.aux) (./21.aux) (./appendix1.aux) (./glossary.aux)
(./opsTable.aux) (./otherHs.aux) (./errors.aux) (./projects.aux))
\openout1 = `root.aux'.

LaTeX Font Info:    Checking defaults for OML/cmm/m/it on input line 183.
LaTeX Font Info:    ... okay on input line 183.
LaTeX Font Info:    Checking defaults for T1/cmr/m/n on input line 183.
LaTeX Font Info:    ... okay on input line 183.
LaTeX Font Info:    Checking defaults for OT1/cmr/m/n on input line 183.
LaTeX Font Info:    ... okay on input line 183.
LaTeX Font Info:    Checking defaults for OMS/cmsy/m/n on input line 183.
LaTeX Font Info:    ... okay on input line 183.
LaTeX Font Info:    Checking defaults for OMX/cmex/m/n on input line 183.
LaTeX Font Info:    ... okay on input line 183.
LaTeX Font Info:    Checking defaults for U/cmr/m/n on input line 183.
LaTeX Font Info:    ... okay on input line 183.
LaTeX Font Info:    Checking defaults for FML/futm/m/it on input line 183.
LaTeX Font Info:    Try loading font information for FML+futm on input line 183
.

(/usr/local/texlive/2007/texmf-dist/tex/latex/fourier/fmlfutm.fd
File: fmlfutm.fd 2004/10/30 Fontinst v1.926 font definitions for FML/futm.
)
LaTeX Font Info:    ... okay on input line 183.
LaTeX Font Info:    Checking defaults for FMS/futm/m/n on input line 183.
LaTeX Font Info:    Try loading font information for FMS+futm on input line 183
.

(/usr/local/texlive/2007/texmf-dist/tex/latex/fourier/fmsfutm.fd
File: fmsfutm.fd 2004/10/30 Fontinst v1.926 font definitions for FMS/futm.
)
LaTeX Font Info:    ... okay on input line 183.
LaTeX Font Info:    Checking defaults for FMX/futm/m/n on input line 183.
LaTeX Font Info:    Try loading font information for FMX+futm on input line 183
.

(/usr/local/texlive/2007/texmf-dist/tex/latex/fourier/fmxfutm.fd
File: fmxfutm.fd futm-extension
)
LaTeX Font Info:    ... okay on input line 183.
LaTeX Font Info:    Checking defaults for TS1/cmr/m/n on input line 183.
LaTeX Font Info:    Try loading font information for TS1+cmr on input line 183.


(/usr/local/texlive/2007/texmf-dist/tex/latex/base/ts1cmr.fd
File: ts1cmr.fd 1999/05/25 v2.5h Standard LaTeX font definitions
)
LaTeX Font Info:    ... okay on input line 183.
LaTeX Font Info:    Try loading font information for T1+futs on input line 183.


(/usr/local/texlive/2007/texmf-dist/tex/latex/fourier/t1futs.fd
File: t1futs.fd 2004/03/02 Fontinst v1.926 font definitions for T1/futs.
)
(/usr/local/texlive/2007/texmf-dist/tex/context/base/supp-pdf.tex
[Loading MPS to PDF converter (version 2006.09.02).]
\scratchcounter=\count101
\scratchdimen=\dimen118
\scratchbox=\box53
\nofMPsegments=\count102
\nofMParguments=\count103
\MPscratchCnt=\count104
\MPscratchDim=\dimen119
\MPnumerator=\count105
\everyMPtoPDFconversion=\toks17
) ABD: EveryShipout initializing macros
LaTeX Font Info:    Try loading font information for T1+phv on input line 186.

(/usr/local/texlive/2007/texmf-dist/tex/latex/psnfss/t1phv.fd
File: t1phv.fd 2001/06/04 scalable font definitions for T1/phv.
)
LaTeX Font Info:    Font shape `T1/phv/m/n' will be
(Font)              scaled to size 12.59999pt on input line 186.
LaTeX Font Info:    Font shape `T1/phv/bx/n' in size <14.4> not available
(Font)              Font shape `T1/phv/b/n' tried instead on input line 186.
LaTeX Font Info:    Font shape `T1/phv/b/n' will be
(Font)              scaled to size 12.59999pt on input line 186.

Overfull \hbox (1.56999pt too wide) in paragraph at lines 186--186
 [] 
 []

[1

{/usr/local/texlive/2007/texmf-var/fonts/map/pdftex/updmap/pdftex.map}]
(./halftitle.tex
LaTeX Font Info:    Font shape `T1/phv/m/n' will be
(Font)              scaled to size 8.75pt on input line 3.

Underfull \hbox (badness 10000) in paragraph at lines 3--6

 []


Overfull \hbox (3.74928pt too wide) in paragraph at lines 13--16
[]\T1/futs/m/n/9 Concurrent Sys-tems: An In-te-grated Ap-proach to Op-er-at-ing
 Sys-tems, Database, and Dis-tributed
 []

) [2

]
LaTeX Font Info:    Font shape `T1/phv/m/n' will be
(Font)              scaled to size 21.77pt on input line 186.
LaTeX Font Info:    Font shape `T1/phv/bx/n' in size <24.88> not available
(Font)              Font shape `T1/phv/b/n' tried instead on input line 186.
LaTeX Font Info:    Font shape `T1/phv/b/n' will be
(Font)              scaled to size 21.77pt on input line 186.
LaTeX Font Info:    Font shape `T1/phv/m/n' will be
(Font)              scaled to size 10.5pt on input line 186.
LaTeX Font Info:    Font shape `T1/phv/bx/n' in size <12> not available
(Font)              Font shape `T1/phv/b/n' tried instead on input line 186.
LaTeX Font Info:    Font shape `T1/phv/b/n' will be
(Font)              scaled to size 10.5pt on input line 186.
 <AW-Logo.pdf, id=12, 66.2475pt x 58.2175pt>
File: AW-Logo.pdf Graphic file (type pdf)
 <use AW-Logo.pdf>
LaTeX Font Info:    Font shape `T1/phv/bx/n' in size <10> not available
(Font)              Font shape `T1/phv/b/n' tried instead on input line 186.
LaTeX Font Info:    Font shape `T1/phv/b/n' will be
(Font)              scaled to size 8.75pt on input line 186.
LaTeX Font Info:    Font shape `T1/phv/bx/n' in size <9> not available
(Font)              Font shape `T1/phv/b/n' tried instead on input line 186.
LaTeX Font Info:    Font shape `T1/phv/b/n' will be
(Font)              scaled to size 7.875pt on input line 186.
LaTeX Font Info:    Try loading font information for FML+futmi on input line 18
6.

(/usr/local/texlive/2007/texmf-dist/tex/latex/fourier/fmlfutmi.fd
File: fmlfutmi.fd 2004/10/30 Fontinst v1.926 font definitions for FML/futmi.
)
LaTeX Font Info:    Font shape `FMX/futm/m/n' will be
(Font)              scaled to size 8.27998pt on input line 186.
LaTeX Font Info:    Font shape `FMX/futm/m/n' will be
(Font)              scaled to size 6.99199pt on input line 186.
LaTeX Font Info:    Font shape `FMX/futm/m/n' will be
(Font)              scaled to size 5.51999pt on input line 186.
LaTeX Font Info:    Try loading font information for U+lasy on input line 186.

(/usr/local/texlive/2007/texmf-dist/tex/latex/base/ulasy.fd
File: ulasy.fd 1998/08/17 v2.2e LaTeX symbol font definitions
)
LaTeX Font Info:    Font shape `U/futm/m/n' will be
(Font)              scaled to size 8.27998pt on input line 186.
LaTeX Font Info:    Font shape `U/futm/m/n' will be
(Font)              scaled to size 6.99199pt on input line 186.
LaTeX Font Info:    Font shape `U/futm/m/n' will be
(Font)              scaled to size 5.51999pt on input line 186.
 (./defs0.tex
\c@exnum=\count106
\locala=\box54
\localb=\box55
)
(./miradefs.tex) [3

 <./AW-Logo.pdf>]
\openout2 = `titlepage.aux'.

 (./titlepage.tex
LaTeX Font Info:    Font shape `T1/futs/bx/n' in size <8> not available
(Font)              Font shape `T1/futs/b/n' tried instead on input line 3.
LaTeX Font Info:    Try loading font information for TS1+futs on input line 13.


(/usr/local/texlive/2007/texmf-dist/tex/latex/fourier/ts1futs.fd
File: ts1futs.fd 2004/03/26 Fontinst v1.926 font definitions for TS1/futs.
)
Underfull \hbox (badness 10000) in paragraph at lines 70--74

 []


Underfull \vbox (badness 10000) has occurred while \output is active []

 [4

]
[5] [6])
LaTeX Font Info:    Font shape `T1/futs/bx/n' in size <24.88> not available
(Font)              Font shape `T1/futs/b/n' tried instead on input line 206.
 (./root.toc
LaTeX Font Info:    Font shape `T1/futs/bx/n' in size <10> not available
(Font)              Font shape `T1/futs/b/n' tried instead on input line 1.
LaTeX Font Info:    Font shape `FMX/futm/m/n' will be
(Font)              scaled to size 9.19998pt on input line 3.
LaTeX Font Info:    Font shape `U/futm/m/n' will be
(Font)              scaled to size 9.19998pt on input line 3.
LaTeX Font Info:    Try loading font information for T1+cmtt on input line 15.

(/usr/local/texlive/2007/texmf-dist/tex/latex/base/t1cmtt.fd
File: t1cmtt.fd 1999/05/25 v2.5h Standard LaTeX font definitions
) [7



]
Overfull \hbox (0.99997pt too wide) detected at line 44
 []\T1/futs/m/n/10 101
 []


Overfull \hbox (0.99997pt too wide) detected at line 45
 []\T1/futs/m/n/10 105
 []


Overfull \hbox (0.99997pt too wide) detected at line 46
 []\T1/futs/m/n/10 111
 []


Overfull \hbox (0.99997pt too wide) detected at line 47
 []\T1/futs/m/n/10 111
 []


Overfull \hbox (0.99997pt too wide) detected at line 48
 []\T1/futs/m/n/10 113
 []


Overfull \hbox (0.99997pt too wide) detected at line 49
 []\T1/futs/m/n/10 119
 []


Overfull \hbox (0.99997pt too wide) detected at line 51
 []\T1/futs/m/n/10 125
 []


Overfull \hbox (0.99997pt too wide) detected at line 52
 []\T1/futs/m/n/10 128
 []


Overfull \hbox (0.99997pt too wide) detected at line 53
 []\T1/futs/m/n/10 131
 []


Overfull \hbox (0.99997pt too wide) detected at line 54
 []\T1/futs/m/n/10 138
 []


Overfull \hbox (0.99997pt too wide) detected at line 55
 []\T1/futs/m/n/10 143
 []


Overfull \hbox (0.99997pt too wide) detected at line 56
 []\T1/futs/m/n/10 148
 []


Overfull \hbox (0.99997pt too wide) detected at line 57
 []\T1/futs/m/n/10 151
 []


Overfull \hbox (0.99997pt too wide) detected at line 58
 []\T1/futs/m/n/10 156
 []


Overfull \hbox (0.99997pt too wide) detected at line 60
 []\T1/futs/m/n/10 161
 []


Overfull \hbox (0.99997pt too wide) detected at line 61
 []\T1/futs/m/n/10 163
 []


Overfull \hbox (0.99997pt too wide) detected at line 62
 []\T1/futs/m/n/10 166
 []


Overfull \hbox (0.99997pt too wide) detected at line 63
 []\T1/futs/m/n/10 167
 []


Overfull \hbox (0.99997pt too wide) detected at line 64
 []\T1/futs/m/n/10 173
 []


Overfull \hbox (0.99997pt too wide) detected at line 65
 []\T1/futs/m/n/10 176
 []


Overfull \hbox (0.99997pt too wide) detected at line 67
 []\T1/futs/m/n/10 183
 []


Overfull \hbox (0.99997pt too wide) detected at line 68
 []\T1/futs/m/n/10 187
 []


Overfull \hbox (0.99997pt too wide) detected at line 69
 []\T1/futs/m/n/10 188
 []


Overfull \hbox (0.99997pt too wide) detected at line 70
 []\T1/futs/m/n/10 191
 []


Overfull \hbox (0.99997pt too wide) detected at line 71
 []\T1/futs/m/n/10 195
 []


Overfull \hbox (0.99997pt too wide) detected at line 72
 []\T1/futs/m/n/10 198
 []


Overfull \hbox (0.99997pt too wide) detected at line 74
 []\T1/futs/m/n/10 204
 []


Overfull \hbox (0.99997pt too wide) detected at line 75
 []\T1/futs/m/n/10 205
 []

[8]
Overfull \hbox (0.99997pt too wide) detected at line 76
 []\T1/futs/m/n/10 207
 []


Overfull \hbox (0.99997pt too wide) detected at line 77
 []\T1/futs/m/n/10 208
 []


Overfull \hbox (0.99997pt too wide) detected at line 78
 []\T1/futs/m/n/10 209
 []


Overfull \hbox (0.99997pt too wide) detected at line 79
 []\T1/futs/m/n/10 213
 []


Overfull \hbox (0.99997pt too wide) detected at line 80
 []\T1/futs/m/n/10 218
 []


Overfull \hbox (0.99997pt too wide) detected at line 82
 []\T1/futs/m/n/10 224
 []


Overfull \hbox (0.99997pt too wide) detected at line 83
 []\T1/futs/m/n/10 226
 []


Overfull \hbox (0.99997pt too wide) detected at line 84
 []\T1/futs/m/n/10 232
 []


Overfull \hbox (0.99997pt too wide) detected at line 85
 []\T1/futs/m/n/10 236
 []


Overfull \hbox (0.99997pt too wide) detected at line 86
 []\T1/futs/m/n/10 238
 []


Overfull \hbox (0.99997pt too wide) detected at line 88
 []\T1/futs/m/n/10 242
 []


Overfull \hbox (0.99997pt too wide) detected at line 89
 []\T1/futs/m/n/10 246
 []


Overfull \hbox (0.99997pt too wide) detected at line 90
 []\T1/futs/m/n/10 249
 []


Overfull \hbox (0.99997pt too wide) detected at line 91
 []\T1/futs/m/n/10 253
 []


Overfull \hbox (0.99997pt too wide) detected at line 92
 []\T1/futs/m/n/10 258
 []


Overfull \hbox (0.99997pt too wide) detected at line 93
 []\T1/futs/m/n/10 263
 []


Overfull \hbox (0.99997pt too wide) detected at line 98
 []\T1/futs/m/n/10 275
 []


Overfull \hbox (0.99997pt too wide) detected at line 99
 []\T1/futs/m/n/10 279
 []


Overfull \hbox (0.99997pt too wide) detected at line 100
 []\T1/futs/m/n/10 281
 []


Overfull \hbox (0.99997pt too wide) detected at line 101
 []\T1/futs/m/n/10 285
 []


Overfull \hbox (0.99997pt too wide) detected at line 102
 []\T1/futs/m/n/10 287
 []


Overfull \hbox (0.99997pt too wide) detected at line 103
 []\T1/futs/m/n/10 294
 []


Overfull \hbox (0.99997pt too wide) detected at line 104
 []\T1/futs/m/n/10 297
 []


Overfull \hbox (0.99997pt too wide) detected at line 106
 []\T1/futs/m/n/10 301
 []


Overfull \hbox (0.99997pt too wide) detected at line 107
 []\T1/futs/m/n/10 302
 []


Overfull \hbox (0.99997pt too wide) detected at line 108
 []\T1/futs/m/n/10 306
 []


Overfull \hbox (0.99997pt too wide) detected at line 109
 []\T1/futs/m/n/10 314
 []


Overfull \hbox (0.99997pt too wide) detected at line 110
 []\T1/futs/m/n/10 323
 []


Overfull \hbox (0.99997pt too wide) detected at line 111
 []\T1/futs/m/n/10 325
 []


Overfull \hbox (0.99997pt too wide) detected at line 112
 []\T1/futs/m/n/10 327
 []


Overfull \hbox (0.99997pt too wide) detected at line 113
 []\T1/futs/m/n/10 336
 []


Overfull \hbox (0.99997pt too wide) detected at line 115
 []\T1/futs/m/n/10 340
 []


Overfull \hbox (0.99997pt too wide) detected at line 116
 []\T1/futs/m/n/10 342
 []


Overfull \hbox (0.99997pt too wide) detected at line 117
 []\T1/futs/m/n/10 350
 []


Overfull \hbox (0.99997pt too wide) detected at line 118
 []\T1/futs/m/n/10 354
 []


Overfull \hbox (0.99997pt too wide) detected at line 119
 []\T1/futs/m/n/10 358
 []


Overfull \hbox (0.99997pt too wide) detected at line 120
 []\T1/futs/m/n/10 363
 []

[9]
Overfull \hbox (0.99997pt too wide) detected at line 121
 []\T1/futs/m/n/10 368
 []


Overfull \hbox (0.99997pt too wide) detected at line 126
 []\T1/futs/m/n/10 375
 []


Overfull \hbox (0.99997pt too wide) detected at line 127
 []\T1/futs/m/n/10 379
 []


Overfull \hbox (0.99997pt too wide) detected at line 128
 []\T1/futs/m/n/10 380
 []


Overfull \hbox (0.99997pt too wide) detected at line 129
 []\T1/futs/m/n/10 383
 []


Overfull \hbox (0.99997pt too wide) detected at line 130
 []\T1/futs/m/n/10 386
 []


Overfull \hbox (0.99997pt too wide) detected at line 131
 []\T1/futs/m/n/10 387
 []


Overfull \hbox (0.99997pt too wide) detected at line 132
 []\T1/futs/m/n/10 389
 []


Overfull \hbox (0.99997pt too wide) detected at line 134
 []\T1/futs/m/n/10 397
 []


Overfull \hbox (0.99997pt too wide) detected at line 135
 []\T1/futs/m/n/10 399
 []


Overfull \hbox (0.99997pt too wide) detected at line 136
 []\T1/futs/m/n/10 403
 []


Overfull \hbox (0.99997pt too wide) detected at line 137
 []\T1/futs/m/n/10 407
 []


Overfull \hbox (0.99997pt too wide) detected at line 138
 []\T1/futs/m/n/10 409
 []


Overfull \hbox (0.99997pt too wide) detected at line 139
 []\T1/futs/m/n/10 411
 []


Overfull \hbox (0.99997pt too wide) detected at line 140
 []\T1/futs/m/n/10 415
 []


Overfull \hbox (0.99997pt too wide) detected at line 141
 []\T1/futs/m/n/10 421
 []


Overfull \hbox (0.99997pt too wide) detected at line 151
 []\T1/futs/m/n/10 427
 []


Overfull \hbox (1.71997pt too wide) detected at line 158
\T1/futs/m/n/10 16.10 
 []


Overfull \hbox (0.99997pt too wide) detected at line 158
 []\T1/futs/m/n/10 436
 []


Overfull \hbox (0.99997pt too wide) detected at line 160
 []\T1/futs/m/n/10 440
 []


Overfull \hbox (0.99997pt too wide) detected at line 161
 []\T1/futs/m/n/10 442
 []


Overfull \hbox (0.99997pt too wide) detected at line 162
 []\T1/futs/m/n/10 445
 []


Overfull \hbox (0.99997pt too wide) detected at line 163
 []\T1/futs/m/n/10 453
 []


Overfull \hbox (0.99997pt too wide) detected at line 166
 []\T1/futs/m/n/10 457
 []


Overfull \hbox (0.99997pt too wide) detected at line 167
 []\T1/futs/m/n/10 468
 []


Overfull \hbox (0.99997pt too wide) detected at line 168
 []\T1/futs/m/n/10 474
 []


Overfull \hbox (0.99997pt too wide) detected at line 169
 []\T1/futs/m/n/10 477
 []


Overfull \hbox (0.99997pt too wide) detected at line 170
 []\T1/futs/m/n/10 479
 []


Overfull \hbox (0.99997pt too wide) detected at line 173
 []\T1/futs/m/n/10 487
 []


Overfull \hbox (0.99997pt too wide) detected at line 174
 []\T1/futs/m/n/10 490
 []


Overfull \hbox (0.99997pt too wide) detected at line 175
 []\T1/futs/m/n/10 493
 []


Overfull \hbox (0.99997pt too wide) detected at line 176
 []\T1/futs/m/n/10 496
 []


Overfull \hbox (0.99997pt too wide) detected at line 177
 []\T1/futs/m/n/10 498
 []


Overfull \hbox (0.99997pt too wide) detected at line 178
 []\T1/futs/m/n/10 505
 []


Overfull \hbox (0.99997pt too wide) detected at line 180
 []\T1/futs/m/n/10 513
 []


Overfull \hbox (0.99997pt too wide) detected at line 181
 []\T1/futs/m/n/10 516
 []


Overfull \hbox (0.99997pt too wide) detected at line 182
 []\T1/futs/m/n/10 517
 []


Overfull \hbox (0.99997pt too wide) detected at line 183
 []\T1/futs/m/n/10 521
 []

[10]
Overfull \hbox (0.99997pt too wide) detected at line 184
 []\T1/futs/m/n/10 526
 []


Overfull \hbox (0.99997pt too wide) detected at line 185
 []\T1/futs/m/n/10 528
 []


Overfull \hbox (0.99997pt too wide) detected at line 186
 []\T1/futs/m/n/10 534
 []


Overfull \hbox (0.99997pt too wide) detected at line 188
 []\T1/futs/m/n/10 537
 []


Overfull \hbox (0.99997pt too wide) detected at line 189
 []\T1/futs/m/n/10 542
 []


Overfull \hbox (0.99997pt too wide) detected at line 190
 []\T1/futs/m/n/10 546
 []


Overfull \hbox (0.99997pt too wide) detected at line 191
 []\T1/futs/m/n/10 547
 []


Overfull \hbox (0.99997pt too wide) detected at line 192
 []\T1/futs/m/n/10 550
 []


Overfull \hbox (0.99997pt too wide) detected at line 193
 []\T1/futs/m/n/10 557
 []

)
\tf@toc=\write4
\openout4 = `root.toc'.

 [11]
\openout2 = `0.aux'.

 (./0.tex [12


]
Overfull \hbox (9.7627pt too wide) in paragraph at lines 12--17
\T1/futs/m/n/10 re-main re-mark-ably static. The ar-chi-tec-ture of the stan-da
rd com-puter is hardly changed
 []


Overfull \hbox (0.32672pt too wide) in paragraph at lines 25--27
\T1/futs/m/n/10 win-dow man-ager for linux sys-tems (\T1/cmtt/m/n/10 xmonad.org
\T1/futs/m/n/10 ) is writ-ten en-tirely in Haskell,
 []

[13]
LaTeX Font Info:    Font shape `T1/futs/bx/n' in size <14.4> not available
(Font)              Font shape `T1/futs/b/n' tried instead on input line 46.
 [14] [15] [16] [17] [18]
Overfull \hbox (10.81958pt too wide) in paragraph at lines 308--309
\T1/futs/m/n/10 sub-strate for de-vel-op-ing em-bed-ded \T1/futs/m/it/10 domain
-specific lan-guages \T1/futs/m/n/10 (DSLs) and Chap-
 []

[19]
LaTeX Font Info:    Font shape `FMX/futm/m/n' will be
(Font)              scaled to size 7.35999pt on input line 311.
LaTeX Font Info:    Font shape `FMX/futm/m/n' will be
(Font)              scaled to size 6.25598pt on input line 311.
LaTeX Font Info:    Font shape `U/futm/m/n' will be
(Font)              scaled to size 7.35999pt on input line 311.
LaTeX Font Info:    Font shape `U/futm/m/n' will be
(Font)              scaled to size 6.25598pt on input line 311.
 [20]
Overfull \hbox (1.00899pt too wide) in paragraph at lines 339--341
[]\T1/futs/m/n/10 A more thor-ough treat-ment of Haskell typ-ing and the me-cha
n-ics of type check-
 []


Overfull \hbox (5.34952pt too wide) in paragraph at lines 341--342
[]\T1/futs/m/n/10 The ad-di-tion of some ma-te-rial on a problem-solving ap-pro
ach to get-ting started
 []


Overfull \hbox (2.55942pt too wide) in paragraph at lines 352--353
[]\T1/futs/m/n/10 The book em-pha-sises pro-gram proof, in a thread start-ing w
ith Chap-
 []


Overfull \hbox (3.77939pt too wide) in paragraph at lines 354--356
[]\T1/futs/m/n/10 Similarly, Chap-ter 20[] gives a self-contained treat-ment of
 pro-
 []

[21]
Overfull \hbox (3.31938pt too wide) in paragraph at lines 374--375
[]\T1/futs/m/n/10 Regular ex-pres-sions are first in-tro-duced as an ex-am-ple 
of `func-
 []

[22]) [23]
\openout2 = `1.aux'.

 (./1.tex
Chapter 1.
LaTeX Font Info:    Font shape `T1/futs/bx/n' in size <20.74> not available
(Font)              Font shape `T1/futs/b/n' tried instead on input line 4.
[1



]
Overfull \hbox (5.11938pt too wide) in paragraph at lines 34--41
\T1/futs/m/n/10 In the last sixty years com-put-ers have moved from be-ing enor
-mous, ex-pen-sive, scarce,
 []

[2] <Pictures/functionPic.pdf, id=96, 790.955pt x 329.23pt>
File: Pictures/functionPic.pdf Graphic file (type pdf)

<use Pictures/functionPic.pdf>
<Pictures/addFunPic.pdf, id=97, 947.54pt x 397.485pt>
File: Pictures/addFunPic.pdf Graphic file (type pdf)

<use Pictures/addFunPic.pdf> [3 <./Pictures/functionPic.pdf> <./Pictures/addFun
Pic.pdf>] <Pictures/flipV.pdf, id=140, 1144.275pt x 269.005pt>
File: Pictures/flipV.pdf Graphic file (type pdf)

<use Pictures/flipV.pdf>
<Pictures/reverseVideo.pdf, id=141, 1180.41pt x 269.005pt>
File: Pictures/reverseVideo.pdf Graphic file (type pdf)

<use Pictures/reverseVideo.pdf>
<Pictures/scale2.pdf, id=142, 1224.575pt x 473.77pt>
File: Pictures/scale2.pdf Graphic file (type pdf)
 <use Pictures/scale2.pdf>
<Pictures/above.pdf, id=143, 1055.945pt x 529.98pt>
File: Pictures/above.pdf Graphic file (type pdf)
 <use Pictures/above.pdf>
<Pictures/sideBySide.pdf, id=144, 1224.575pt x 529.98pt> [4 <./Pictures/flipV.p
df> <./Pictures/reverseVideo.pdf> <./Pictures/scale2.pdf> <./Pictures/above.pdf
>]
File: Pictures/sideBySide.pdf Graphic file (type pdf)
 <use Pictures/sideBySide.pdf>
<Pictures/addFunPic2.pdf, id=254, 995.72pt x 353.32pt>
File: Pictures/addFunPic2.pdf Graphic file (type pdf)

<use Pictures/addFunPic2.pdf>
<Pictures/scaleType.pdf, id=255, 995.72pt x 353.32pt>
File: Pictures/scaleType.pdf Graphic file (type pdf)

<use Pictures/scaleType.pdf> [5 <./Pictures/sideBySide.pdf> <./Pictures/addFunP
ic2.pdf>]
File: Pictures/above.pdf Graphic file (type pdf)
 <use Pictures/above.pdf>
<Pictures/aboveError.pdf, id=306, 1453.43pt x 421.575pt>
File: Pictures/aboveError.pdf Graphic file (type pdf)

<use Pictures/aboveError.pdf>
Overfull \hbox (16.34999pt too wide) in paragraph at lines 209--210
 [] 
 []

[6 <./Pictures/scaleType.pdf> <./Pictures/aboveError.pdf>]
Overfull \hbox (4.92894pt too wide) in paragraph at lines 258--259
\T1/futs/m/n/10 li-braries are avail-able from an ex-ten-sive on-line database,
 \T1/futs/b/n/10 Hack-ageDB[] \T1/futs/m/n/10 (Hack-age 2010).
 []


Overfull \hbox (5.04057pt too wide) in paragraph at lines 260--261
[]\T1/futs/m/n/10 All the pro-grams and ex-am-ples used in the text can be down
-loaded as the \T1/cmtt/m/n/10 Craft3e
 []

[7] <Pictures/evaluation.pdf, id=361, 1108.14pt x 337.26pt>
File: Pictures/evaluation.pdf Graphic file (type pdf)

<use Pictures/evaluation.pdf>
<Pictures/simplePic.pdf, id=362, 168.63pt x 232.87pt>
File: Pictures/simplePic.pdf Graphic file (type pdf)

<use Pictures/simplePic.pdf>
<Pictures/evaluation2.pdf, id=363, 1413.28pt x 441.65pt>
File: Pictures/evaluation2.pdf Graphic file (type pdf)

<use Pictures/evaluation2.pdf> [8 <./Pictures/evaluation.pdf> <./Pictures/simpl
ePic.pdf> <./Pictures/evaluation2.pdf>]
<Pictures/evaluation3.pdf, id=460, 1116.17pt x 1738.495pt>
File: Pictures/evaluation3.pdf Graphic file (type pdf)

<use Pictures/evaluation3.pdf> [9 <./Pictures/evaluation3.pdf>]
<Pictures/blackHorse.pdf, id=517, 168.63pt x 232.87pt>
File: Pictures/blackHorse.pdf Graphic file (type pdf)

<use Pictures/blackHorse.pdf>
<Pictures/VthenH.pdf, id=518, 1003.75pt x 1120.185pt>
File: Pictures/VthenH.pdf Graphic file (type pdf)

<use Pictures/VthenH.pdf> [10 <./Pictures/blackHorse.pdf>]
<Pictures/square.pdf, id=533, 1011.78pt x 329.23pt>
File: Pictures/square.pdf Graphic file (type pdf)
 <use Pictures/square.pdf>
[11 <./Pictures/VthenH.pdf> <./Pictures/square.pdf>]
<Pictures/funDef.pdf, id=588, 1063.975pt x 421.575pt>
File: Pictures/funDef.pdf Graphic file (type pdf)

<use Pictures/funDef.pdf>
<Pictures/typeDiag.pdf, id=589, 1332.98pt x 421.575pt>
File: Pictures/typeDiag.pdf Graphic file (type pdf)

<use Pictures/typeDiag.pdf>
<Pictures/funTypeDef.pdf, id=590, 1264.725pt x 421.575pt>
File: Pictures/funTypeDef.pdf Graphic file (type pdf)

<use Pictures/funTypeDef.pdf> [12 <./Pictures/funDef.pdf> <./Pictures/typeDiag.
pdf>] <Pictures/HVcompos.pdf, id=632, 995.72pt x 393.47pt>
File: Pictures/HVcompos.pdf Graphic file (type pdf)

<use Pictures/HVcompos.pdf> [13 <./Pictures/funTypeDef.pdf> <./Pictures/HVcompo
s.pdf>]
LaTeX Font Info:    Font shape `T1/futs/bx/n' in size <12> not available
(Font)              Font shape `T1/futs/b/n' tried instead on input line 579.
 [14]
LaTeX Font Info:    Try loading font information for TS1+cmtt on input line 616
.
 (/usr/local/texlive/2007/texmf-dist/tex/latex/base/ts1cmtt.fd
File: ts1cmtt.fd 1999/05/25 v2.5h Standard LaTeX font definitions
)
[15] [16] [17] <Pictures/screenSVG.pdf, id=698, 649.42625pt x 659.46375pt>
File: Pictures/screenSVG.pdf Graphic file (type pdf)

<use Pictures/screenSVG.pdf>
Overfull \hbox (16.34999pt too wide) in paragraph at lines 720--721
 [] 
 []

LaTeX Font Info:    Font shape `T1/cmtt/bx/n' in size <14.4> not available
(Font)              Font shape `T1/cmtt/m/n' tried instead on input line 728.
LaTeX Font Info:    Font shape `T1/cmtt/bx/n' in size <12> not available
(Font)              Font shape `T1/cmtt/m/n' tried instead on input line 735.
[18]
Overfull \hbox (17.16156pt too wide) in paragraph at lines 756--756
[]\T1/cmtt/m/n/10 scale (horse `above` (flipH horse)) (complicated Integer calc
ulation)[] 
 []

[19 <./Pictures/screenSVG.pdf>]
Overfull \hbox (1.4154pt too wide) in paragraph at lines 771--771
[]\T1/cmtt/m/n/10 .......##...               ......##....               ...##..
.....[] 
 []


Overfull \hbox (1.4154pt too wide) in paragraph at lines 772--772
[]\T1/cmtt/m/n/10 .....##..#..               .....#.#....               ..#..##
.....[] 
 []


Overfull \hbox (1.4154pt too wide) in paragraph at lines 773--773
[]\T1/cmtt/m/n/10 ...##.....#.               ....#..#....               .#.....
##...[] 
 []


Overfull \hbox (1.4154pt too wide) in paragraph at lines 774--774
[]\T1/cmtt/m/n/10 ..#.......#.               ...#...#....               .#.....
..#..[] 
 []


Overfull \hbox (1.4154pt too wide) in paragraph at lines 775--775
[]\T1/cmtt/m/n/10 ..#...#...#.               ..#...#.....               .#...#.
..#..[] 
 []


Overfull \hbox (1.4154pt too wide) in paragraph at lines 776--776
[]\T1/cmtt/m/n/10 ..#...###.#.               .#....#..##.               .#.###.
..#..[] 
 []


Overfull \hbox (1.4154pt too wide) in paragraph at lines 777--777
[]\T1/cmtt/m/n/10 .#....#..##.               ..#...###.#.               .##..#.
...#.[] 
 []


Overfull \hbox (1.4154pt too wide) in paragraph at lines 778--778
[]\T1/cmtt/m/n/10 ..#...#.....               ..#...#...#.               .....#.
..#..[] 
 []


Overfull \hbox (1.4154pt too wide) in paragraph at lines 779--779
[]\T1/cmtt/m/n/10 ...#...#....               ..#.......#.               ....#..
.#...[] 
 []


Overfull \hbox (1.4154pt too wide) in paragraph at lines 780--780
[]\T1/cmtt/m/n/10 ....#..#....               ...##.....#.               ....#..
#....[] 
 []


Overfull \hbox (1.4154pt too wide) in paragraph at lines 781--781
[]\T1/cmtt/m/n/10 .....#.#....               .....##..#..               ....#.#
.....[] 
 []


Overfull \hbox (1.4154pt too wide) in paragraph at lines 782--782
[]\T1/cmtt/m/n/10 ......##....               .......##...               ....##.
.....[] 
 []

[20] [21] [22] <Pictures/vh-hv.pdf, id=730, 1023.825pt x 1124.2pt>
File: Pictures/vh-hv.pdf Graphic file (type pdf)

<use Pictures/vh-hv.pdf> [23 <./Pictures/vh-hv.pdf>]
<Pictures/testPropertyProof.pdf, id=772, 1353.055pt x 377.41pt>
File: Pictures/testPropertyProof.pdf Graphic file (type pdf)

<use Pictures/testPropertyProof.pdf> [24 <./Pictures/testPropertyProof.pdf>]
<Pictures/pythag.pdf, id=805, 646.415pt x 277.035pt>
File: Pictures/pythag.pdf Graphic file (type pdf)
 <use Pictures/pythag.pdf>
[25 <./Pictures/pythag.pdf>]) [26]
\openout2 = `2.aux'.

 (./2.tex
Chapter 2.
(./FirstScript.hs) [27



] <Pictures/Platform.png, id=837, 80.3pt x 82.709pt>
File: Pictures/Platform.png Graphic file (type png)

<use Pictures/Platform.png> [28 <./Pictures/Platform.png (PNG copy)>]
<Pictures/GHCi-MacOSX.png, id=841, 963.6pt x 563.10374pt>
File: Pictures/GHCi-MacOSX.png Graphic file (type png)

<use Pictures/GHCi-MacOSX.png>
<Pictures/WinGHCi-screenshot.png, id=842, 898.35625pt x 622.325pt>
File: Pictures/WinGHCi-screenshot.png Graphic file (type png)

<use Pictures/WinGHCi-screenshot.png> [29 <./Pictures/GHCi-MacOSX.png>]
[30 <./Pictures/WinGHCi-screenshot.png (PNG copy)>]
\colwidth=\skip48

Overfull \hbox (4.56238pt too wide) in paragraph at lines 204--204
[]|\T1/cmtt/m/n/10 :h,:?| 
 []


Overfull \hbox (7.09244pt too wide) in alignment at lines 193--214
[][][] 
 []

[31] [32]
Overfull \hbox (6.0pt too wide) in paragraph at lines 316--317
[][][][][][] 
 []

[33]
Overfull \hbox (5.67938pt too wide) in paragraph at lines 343--349
[]\T1/futs/m/n/10 As well as the stan-dard li-braries, the Haskell Plat-form in
-cludes var-i-ous con-tributed
 []

<Pictures/GHCiLibPrel.pdf, id=860, 1597.97pt x 827.09pt>
File: Pictures/GHCiLibPrel.pdf Graphic file (type pdf)

<use Pictures/GHCiLibPrel.pdf> [34 <./Pictures/GHCiLibPrel.pdf>]
(./Pictures.tex) [35] [36]
\blah=\skip49
 [37]
<Pictures/twoByTwo.pdf, id=923, 429.605pt x 554.07pt>
File: Pictures/twoByTwo.pdf Graphic file (type pdf)

<use Pictures/twoByTwo.pdf>
<Pictures/chessHorse.pdf, id=924, 1341.01pt x 465.74pt>
File: Pictures/chessHorse.pdf Graphic file (type pdf)

<use Pictures/chessHorse.pdf>
<Pictures/chessReflect.pdf, id=925, 341.275pt x 465.74pt>
File: Pictures/chessReflect.pdf Graphic file (type pdf)

<use Pictures/chessReflect.pdf> [38 <./Pictures/twoByTwo.pdf> <./Pictures/chess
Horse.pdf> <./Pictures/chessReflect.pdf>]
Overfull \hbox (27.659pt too wide) in paragraph at lines 594--594
[]      \T1/cmtt/m/n/10 add an instance declaration for (Num ((Integer -> Integ
er) -> t))[] 
 []

[39]) [40]
\openout2 = `3.aux'.

 (./3.tex
Chapter 3.

Overfull \hbox (3.56273pt too wide) in paragraph at lines 8--14
\T1/futs/m/n/10 sim-ple pro-grams are writ-ten, mod-i-fied and run in GHCi. Thi
s chap-ter cov-ers Haskell's
 []

[41



] <Pictures/exOr.pdf, id=996, 1116.17pt x 626.34pt>
File: Pictures/exOr.pdf Graphic file (type pdf)
 <use Pictures/exOr.pdf>
[42 <./Pictures/exOr.pdf>] [43] [44]
Overfull \hbox (6.0pt too wide) in paragraph at lines 306--307
[][][][][][] 
 []


Overfull \hbox (6.0pt too wide) in paragraph at lines 329--330
[][][][][][] 
 []


Overfull \hbox (2.12999pt too wide) in paragraph at lines 357--360
\T1/futs/m/n/10 A sim-ple ex-am-ple us-ing these def-i-ni-tions is a func-tion 
to test whether three \T1/cmtt/m/n/10 Integer\T1/futs/m/n/10 s
 []

[45]
Overfull \hbox (6.0pt too wide) in paragraph at lines 394--395
[][][][][][] 
 []


Overfull \hbox (5.89859pt too wide) in paragraph at lines 429--433
\T1/futs/m/n/10 above. Now give a def-i-ni-tion of \T1/cmtt/m/n/10 fourEqual \T
1/futs/m/n/10 which \T1/futs/m/it/10 uses \T1/futs/m/n/10 the func-tion \T1/cmt
t/m/n/10 threeEqual
 []

[46] [47]
Overfull \hbox (6.0pt too wide) in paragraph at lines 481--482
[][][][][][] 
 []

[48] <Pictures/max.pdf, id=1052, 1445.4pt x 558.085pt>
File: Pictures/max.pdf Graphic file (type pdf)
 <use Pictures/max.pdf>
<Pictures/funGuardDef.pdf, id=1053, 1413.28pt x 670.505pt>
File: Pictures/funGuardDef.pdf Graphic file (type pdf)

<use Pictures/funGuardDef.pdf> [49 <./Pictures/max.pdf>] [50 <./Pictures/funGua
rdDef.pdf>]
Overfull \hbox (6.0pt too wide) in paragraph at lines 680--681
[][][][][][] 
 []


Overfull \hbox (6.0pt too wide) in paragraph at lines 713--713
[][][][][][] 
 []

[51]
Overfull \hbox (14.06528pt too wide) in paragraph at lines 732--733
[]\T1/futs/m/n/10 Define QuickCheck prop-er-ties to test the func-tions \T1/cmt
t/m/n/10 maxThree\T1/futs/m/n/10 , \T1/cmtt/m/n/10 min \T1/futs/m/n/10 and \T1/
cmtt/m/n/10 minThree\T1/futs/m/n/10 . 
 []


Overfull \hbox (1.6195pt too wide) in paragraph at lines 742--748
\T1/futs/m/n/10 People and com-put-ers com-mu-ni-cate us-ing key-board in-put a
nd screen out-put, which
 []

[52] [53] [54]
Overfull \hbox (6.0pt too wide) in paragraph at lines 918--918
[][][][][][] 
 []

[55]
Underfull \hbox (badness 1184) in paragraph at lines 1024--1025
[]|\T1/futs/m/n/10 Exponentiation \T1/cmtt/m/n/10 x^^Bn = [] \T1/futs/m/n/10 fo
r a
 []


Underfull \hbox (badness 10000) in paragraph at lines 1026--1027
[]|\T1/futs/m/n/10 Equality and or-der-ing op-er-a-
 []


Overfull \hbox (37.89508pt too wide) in paragraph at lines 1021--1048
[] 
 []

[56]
Overfull \hbox (6.0pt too wide) in paragraph at lines 1085--1085
[][][][][][] 
 []

[57]
Overfull \hbox (6.0pt too wide) in paragraph at lines 1122--1122
[][][][][][] 
 []

[58]
Overfull \hbox (10.30923pt too wide) in paragraph at lines 1154--1154
 []\T1/cmtt/m/n/10 howManyAboveAverage :: Integer -> Integer -> Integer -> Inte
ger[] 
 []


Overfull \hbox (10.44414pt too wide) in paragraph at lines 1160--1161
[]\T1/futs/m/n/10 How would you write QuickCheck prop-er-ties to test the func-
tions \T1/cmtt/m/n/10 averageThree
 []

LaTeX Font Info:    Font shape `U/lasy/b/n' in size <7.6> not available
(Font)              Font shape `U/lasy/m/n' tried instead on input line 1214.
LaTeX Font Info:    Font shape `U/lasy/b/n' in size <6> not available
(Font)              Font shape `U/lasy/m/n' tried instead on input line 1214.
[59]
Overfull \hbox (5.19542pt too wide) in paragraph at lines 1225--1226
[]\T1/futs/m/n/10 How would you write QuickCheck prop-er-ties to test the func-
tions \T1/cmtt/m/n/10 smallerRoot
 []

<Pictures/mystery1.pdf, id=1127, 1039.885pt x 204.765pt>
File: Pictures/mystery1.pdf Graphic file (type pdf)

<use Pictures/mystery1.pdf>
<Pictures/mystery2.pdf, id=1128, 1027.84pt x 477.785pt>
File: Pictures/mystery2.pdf Graphic file (type pdf)

<use Pictures/mystery2.pdf> [60 <./Pictures/mystery1.pdf>]
<Pictures/mystery3.pdf, id=1147, 987.69pt x 574.145pt>
File: Pictures/mystery3.pdf Graphic file (type pdf)

<use Pictures/mystery3.pdf>
Overfull \hbox (6.0pt too wide) in paragraph at lines 1311--1311
[][][][][][] 
 []

[61 <./Pictures/mystery2.pdf> <./Pictures/mystery3.pdf>] [62] [63]
Overfull \hbox (6.0pt too wide) in paragraph at lines 1517--1517
[][][][][][] 
 []

[64]
LaTeX Font Info:    Font shape `FMX/futm/m/n' will be
(Font)              scaled to size 13.24796pt on input line 1556.
LaTeX Font Info:    Font shape `U/futm/m/n' will be
(Font)              scaled to size 13.24796pt on input line 1556.
 [65]) [66]
\openout2 = `4.aux'.

 (./4.tex
Chapter 4.
LaTeX Font Info:    Font shape `T1/futs/bx/it' in size <14.4> not available
(Font)              Font shape `T1/futs/b/it' tried instead on input line 31.
[67



] [68] <Pictures/maxThree.pdf, id=1203, 774.895pt x 361.35pt>
File: Pictures/maxThree.pdf Graphic file (type pdf)

<use Pictures/maxThree.pdf> [69 <./Pictures/maxThree.pdf>]
<Pictures/whatIf.pdf, id=1232, 971.63pt x 373.395pt>
File: Pictures/whatIf.pdf Graphic file (type pdf)
 <use Pictures/whatIf.pdf>
[70 <./Pictures/whatIf.pdf>]
Overfull \hbox (5.06052pt too wide) in paragraph at lines 267--267
 []\T1/cmtt/m/n/10 maxFour :: Integer -> Integer -> Integer -> Integer -> Integ
er[] 
 []


Overfull \hbox (1.10162pt too wide) in paragraph at lines 269--277
\T1/futs/m/n/10 use the func-tion \T1/cmtt/m/n/10 max \T1/futs/m/n/10 and the t
hird should use the func-tions \T1/cmtt/m/n/10 max \T1/futs/m/n/10 and \T1/cmtt
/m/n/10 maxThree\T1/futs/m/n/10 .
 []

[71]
Overfull \hbox (62.79642pt too wide) in paragraph at lines 313--313
 []\T1/cmtt/m/n/10 howManyOfFourEqual :: Integer -> Integer -> Integer -> Integ
er -> Integer[] 
 []

File: Pictures/screenSVG.pdf Graphic file (type pdf)
<use Pictures/screenSVG.pdf> [72]
Underfull \hbox (badness 6396) in paragraph at lines 333--334
[]\T1/futs/m/n/10 The ex-am-ple we will fol-low is to de-fine a func-
 []


Underfull \hbox (badness 4048) in paragraph at lines 333--334
\T1/futs/m/n/10 tion over pic-tures, as im-ple-mented in the mod-ule
 []

[73] [74]
Overfull \hbox (6.0pt too wide) in paragraph at lines 441--442
[][][][][][] 
 []

[75] [76] [77] [78] <Pictures/RPS.pdf, id=1280, 2014.52625pt x 1504.62125pt>
File: Pictures/RPS.pdf Graphic file (type pdf)

<use Pictures/RPS.pdf>
Overfull \hbox (1.10352pt too wide) in paragraph at lines 688--689
[]\T1/futs/b/n/10 Index and mid-dle fig-ure ex-tended \T1/futs/m/n/10 which
 []

[79 <./Pictures/RPS.pdf>] [80] [81] [82]
Overfull \hbox (7.8505pt too wide) in paragraph at lines 928--931
\T1/futs/m/n/10 Now, we have got down to the sim-plest case (or \T1/futs/b/n/10
 base case\T1/futs/m/n/10 ), []which is solved by \T1/cmtt/m/n/10 (fac.1)\T1/fu
ts/m/n/10 . 
 []

[83] [84] [85] <Pictures/cuts.pdf, id=1312, 252.945pt x 179.67125pt>
File: Pictures/cuts.pdf Graphic file (type pdf)

<use Pictures/cuts.pdf> [86] [87 <./Pictures/cuts.pdf>]
<Pictures/blackSquares.pdf, id=1323, 939.51pt x 232.87pt>
File: Pictures/blackSquares.pdf Graphic file (type pdf)

<use Pictures/blackSquares.pdf>
<Pictures/blackWhite.pdf, id=1324, 939.51pt x 232.87pt>
File: Pictures/blackWhite.pdf Graphic file (type pdf)

<use Pictures/blackWhite.pdf> [88 <./Pictures/blackSquares.pdf> <./Pictures/bla
ckWhite.pdf>] <Pictures/chess4.pdf, id=1404, 811.03pt x 807.015pt>
File: Pictures/chess4.pdf Graphic file (type pdf)

<use Pictures/chess4.pdf>
<Pictures/threeHorses.pdf, id=1405, 1092.08pt x 4440.59pt>
File: Pictures/threeHorses.pdf Graphic file (type pdf)

<use Pictures/threeHorses.pdf>
<Pictures/diag1.pdf, id=1406, 666.49pt x 666.49pt>
File: Pictures/diag1.pdf Graphic file (type pdf)
 <use Pictures/diag1.pdf>
[89 <./Pictures/chess4.pdf> <./Pictures/threeHorses.pdf> <./Pictures/diag1.pdf>
] <Pictures/diag2.pdf, id=1596, 666.49pt x 666.49pt>
File: Pictures/diag2.pdf Graphic file (type pdf)
 <use Pictures/diag2.pdf>
<Pictures/diag3.pdf, id=1597, 666.49pt x 666.49pt>
File: Pictures/diag3.pdf Graphic file (type pdf)
 <use Pictures/diag3.pdf>
[90 <./Pictures/diag2.pdf> <./Pictures/diag3.pdf>] [91] [92] [93]
Overfull \hbox (43.40515pt too wide) in paragraph at lines 1513--1513
[]\T1/cmtt/m/n/10 testMax1 = TestCase (assertEqual "for: maxThree 6 4 1" 6 (max
Three 6 4 1))[] 
 []


Overfull \hbox (43.40515pt too wide) in paragraph at lines 1514--1514
[]\T1/cmtt/m/n/10 testMax2 = TestCase (assertEqual "for: maxThree 6 6 6" 6 (max
Three 6 6 6))[] 
 []


Overfull \hbox (43.40515pt too wide) in paragraph at lines 1515--1515
[]\T1/cmtt/m/n/10 testMax3 = TestCase (assertEqual "for: maxThree 2 6 6" 6 (max
Three 2 6 6))[] 
 []


Overfull \hbox (43.40515pt too wide) in paragraph at lines 1516--1516
[]\T1/cmtt/m/n/10 testMax4 = TestCase (assertEqual "for: maxThree 2 2 6" 6 (max
Three 2 2 6))[] 
 []


Overfull \hbox (64.40002pt too wide) in paragraph at lines 1554--1554
[]\T1/cmtt/m/n/10 testMax5 = TestCase (assertEqual "for: mysteryMax 6 6 2" 6 (m
ysteryMax 6 6 2))[] 
 []

[94]
Overfull \hbox (53.90259pt too wide) in paragraph at lines 1555--1555
[]\T1/cmtt/m/n/10 testsMMax = TestList [testMMax1, testMMax2, testMMax3, testMM
ax4, testMMax5][] 
 []


Overfull \hbox (6.0pt too wide) in paragraph at lines 1647--1648
[][][][][][] 
 []

[95] [96]
Overfull \hbox (10.30923pt too wide) in paragraph at lines 1687--1687
 []\T1/cmtt/m/n/10 howManyAboveAverage :: Integer -> Integer -> Integer -> Inte
ger[] 
 []

) [97]
\openout2 = `5.aux'.

 (./5.tex [98



]
Chapter 5.
[99]
Overfull \hbox (6.0pt too wide) in paragraph at lines 130--131
[][][][][][] 
 []

[100]
Overfull \hbox (6.0pt too wide) in paragraph at lines 155--156
[][][][][][] 
 []

[101] <Pictures/lineSoln.pdf, id=1782, 1276.77pt x 550.055pt>
File: Pictures/lineSoln.pdf Graphic file (type pdf)

<use Pictures/lineSoln.pdf> [102 <./Pictures/lineSoln.pdf>]
Overfull \hbox (6.66412pt too wide) in paragraph at lines 251--251
[]\T1/cmtt/m/n/10 shift :: ((Integer,Integer),Integer) -> (Integer,(Integer,Int
eger))[] 
 []


Overfull \hbox (0.92943pt too wide) in paragraph at lines 254--256
\T1/futs/m/n/10 Functions which pick out par-tic-u-lar parts of a tu-ple can be
 de-fined by pat-tern match-
 []

[103]
Underfull \hbox (badness 10000) in paragraph at lines 337--337

 []


Overfull \hbox (6.0pt too wide) in paragraph at lines 337--338
[][][][][][] 
 []


Overfull \hbox (36.55283pt too wide) in paragraph at lines 348--348
 []\T1/cmtt/m/n/10 maxThreeOccurs :: Integer -> Integer -> Integer -> (Integer,
Integer)[] 
 []

[104]
Overfull \hbox (41.80154pt too wide) in paragraph at lines 355--355
 []\T1/cmtt/m/n/10 orderTriple :: (Integer,Integer,Integer) -> (Integer,Integer
,Integer)[] 
 []

[105]
Overfull \hbox (4.4052pt too wide) in paragraph at lines 435--439
\T1/futs/m/n/10 As be-fore, func-tions are de-fined us-ing \T1/futs/b/n/10 pat-
tern match-ing\T1/futs/m/n/10 . Any el-e-ment of type \T1/cmtt/m/n/10 People
 []


Overfull \hbox (6.0pt too wide) in paragraph at lines 509--509
[][][][][][] 
 []


Overfull \hbox (6.0pt too wide) in paragraph at lines 521--521
[][][][][][] 
 []

[106]
Overfull \hbox (4.28688pt too wide) in paragraph at lines 535--538
\T1/futs/m/n/10 sup-ply the ra-dius of a \T1/cmtt/m/n/10 Circle\T1/futs/m/n/10 
; the other al-ter-na-tive is to give the sides of a \T1/cmtt/m/n/10 Rectangle\
T1/futs/m/n/10 .
 []

[107] [108]
Overfull \hbox (6.0pt too wide) in paragraph at lines 627--627
[][][][][][] 
 []


Overfull \hbox (16.54414pt too wide) in paragraph at lines 644--646
[]\T1/futs/m/n/10 Add an ex-tra con-struc-tor to \T1/cmtt/m/n/10 Shape \T1/futs
/m/n/10 for tri-an-gles, and ex-tend the func-tions \T1/cmtt/m/n/10 isRound\T1/
futs/m/n/10 ,
 []

[109] <Pictures/rectanglePos.pdf, id=1814, 1132.23pt x 505.89pt>
File: Pictures/rectanglePos.pdf Graphic file (type pdf)

<use Pictures/rectanglePos.pdf>
<Pictures/rectangleMove.pdf, id=1815, 1308.89pt x 558.085pt>
File: Pictures/rectangleMove.pdf Graphic file (type pdf)

<use Pictures/rectangleMove.pdf> [110 <./Pictures/rectanglePos.pdf> <./Pictures
/rectangleMove.pdf>] [111] [112] [113] [114] [115] [116]
Overfull \hbox (4.16829pt too wide) in paragraph at lines 1088--1091
\T1/futs/m/n/10 A prime num-ber \T1/cmtt/m/n/10 n \T1/futs/m/n/10 is a num-ber 
whose only di-vi-sors are \T1/cmtt/m/n/10 1 \T1/futs/m/n/10 and \T1/cmtt/m/n/10
 n\T1/futs/m/n/10 . Us-ing \T1/cmtt/m/n/10 divisors
 []

[117]
Overfull \hbox (0.51665pt too wide) in paragraph at lines 1143--1149
\T1/futs/m/n/10 which takes a string and forms a string of length \T1/cmtt/m/n/
10 linelength \T1/futs/m/n/10 by putting spaces
 []


Overfull \hbox (6.2307pt too wide) in paragraph at lines 1143--1149
\T1/futs/m/n/10 at the front of the string. If \T1/cmtt/m/n/10 linelength \T1/f
uts/m/n/10 were \T1/cmtt/m/n/10 12 \T1/futs/m/n/10 then \T1/cmtt/m/n/10 pushRig
ht "crocodile"
 []


Overfull \hbox (6.11522pt too wide) in paragraph at lines 1159--1162
\T1/futs/m/n/10 which pro-duces a ta-ble of Fi-bonacci num-bers. For in-stance,
 the ef-fect of \T1/cmtt/m/n/10 putStr
 []

[118] [119]
Overfull \hbox (12.24977pt too wide) in paragraph at lines 1276--1280
\T1/futs/m/n/10 How are these found? In the \T1/cmtt/m/n/10 "Alice" \T1/futs/m/
n/10 case we need to run through the list \T1/cmtt/m/n/10 exampleBase
 []

[120]
Overfull \hbox (2.17645pt too wide) in paragraph at lines 1295--1297
\T1/futs/m/n/10 Note that in this def-i-ni-tion \T1/cmtt/m/n/10 Person \T1/futs
/m/n/10 is a type while \T1/cmtt/m/n/10 person \T1/futs/m/n/10 is a vari-able o
f type \T1/cmtt/m/n/10 Person\T1/futs/m/n/10 . 
 []


Overfull \hbox (6.0pt too wide) in paragraph at lines 1324--1325
[][][][][][] 
 []

[121] [122]
Overfull \hbox (37.59314pt too wide) in paragraph at lines 1436--1441
[]\T1/futs/m/n/10 Define the func-tions \T1/cmtt/m/n/10 borrowers\T1/futs/m/n/1
0 , \T1/cmtt/m/n/10 borrowed \T1/futs/m/n/10 and \T1/cmtt/m/n/10 numBorrowed\T1
/futs/m/n/10 . To de-fine \T1/cmtt/m/n/10 numBorrowed
 []


Overfull \hbox (27.57864pt too wide) in paragraph at lines 1463--1466
\T1/futs/m/n/10 rep-re-sen-ta-tion \T1/cmtt/m/n/10 [(Person,[Book])] \T1/futs/m
/n/10 rather than \T1/cmtt/m/n/10 [(Person,Book)]\T1/futs/m/n/10 for the databa
se. 
 []

[123]
Overfull \hbox (10.56242pt too wide) in paragraph at lines 1491--1500
\T1/futs/m/n/10 spond-ing type []. The list type \T1/cmtt/m/n/10 [t] \T1/futs/m
/n/10 on the other hand con-tains el-e-ments \T1/cmtt/m/n/10 [[],...,[]]
 []

) [124]
\openout2 = `6.aux'.

 (./6.tex
Chapter 6.
[125



] [126] [127]
Overfull \hbox (31.30411pt too wide) in paragraph at lines 214--214
 []\T1/cmtt/m/n/10 shift :: ((Integer,Integer),Integer) -> (Integer,(Integer,In
teger))[] 
 []

<Pictures/fig5-1.pdf, id=1915, 346.29375pt x 526.96875pt>
File: Pictures/fig5-1.pdf Graphic file (type pdf)

<use Pictures/fig5-1.pdf>
Overfull \hbox (1.2929pt too wide) in paragraph at lines 233--234
 [][] 
 []


LaTeX Warning: Float too large for page by 1.23244pt on input line 236.


Overfull \hbox (30.66876pt too wide) in paragraph at lines 245--249
 [] 
 []


Underfull \hbox (badness 10000) in paragraph at lines 266--266
[]|\T1/cmtt/m/n/10 [Integer] ->
 []


Underfull \hbox (badness 10000) in paragraph at lines 268--268
[]|\T1/cmtt/m/n/10 [Integer] ->
 []


Overfull \hbox (16.21498pt too wide) in paragraph at lines 260--271
 [] 
 []

[128] [129 <./Pictures/fig5-1.pdf>]
<Pictures/Infrastructure.pdf, id=1936, 887.315pt x 578.16pt>
File: Pictures/Infrastructure.pdf Graphic file (type pdf)

<use Pictures/Infrastructure.pdf>
Overfull \hbox (6.0pt too wide) in paragraph at lines 357--358
[][][][][][] 
 []

[130]
Overfull \hbox (6.0pt too wide) in paragraph at lines 373--374
[][][][][][] 
 []


Underfull \hbox (badness 10000) in paragraph at lines 402--402
[]\T1/cmtt/m/n/10 http://haskell.org/haskellwiki/Cabal-Install
 []


Overfull \hbox (6.0pt too wide) in paragraph at lines 402--403
[][][][][][] 
 []


Overfull \hbox (6.50047pt too wide) in paragraph at lines 411--413
\T1/futs/m/n/10 Libraries are found in the Haskell 2010 stan-dard, in-clud-ing 
the \T1/cmtt/m/n/10 Prelude\T1/futs/m/n/10 , in the Haskell
 []

[131 <./Pictures/Infrastructure.pdf>] [132]
Overfull \hbox (0.42944pt too wide) in paragraph at lines 439--440
[]\T1/futs/m/n/10 The Haskell Plat-form is a bun-dled dis-tri-bu-tion of GHCi, 
some
 []

[133]
Underfull \vbox (badness 2735) has occurred while \output is active []

 [134]
<Pictures/HackagePic.png, id=1982, 1014.79124pt x 725.71124pt>
File: Pictures/HackagePic.png Graphic file (type png)

<use Pictures/HackagePic.png>
<Pictures/HaddockPic.png, id=1983, 1017.8025pt x 776.9025pt>
File: Pictures/HaddockPic.png Graphic file (type png)

<use Pictures/HaddockPic.png>
<Pictures/Hoogle.png, id=1984, 919.435pt x 665.48625pt>
File: Pictures/Hoogle.png Graphic file (type png)

<use Pictures/Hoogle.png>
Overfull \hbox (9.52798pt too wide) in paragraph at lines 502--503
[]\T1/futs/m/n/10 Haddock doc-u-men-ta-tion for many li-braries is avail-able f
rom the \T1/cmtt/m/n/10 Libraries
 []

[135 <./Pictures/HackagePic.png>]
Overfull \hbox (15.918pt too wide) in paragraph at lines 510--510
 []\T1/cmtt/m/n/10 file:///usr/share/doc/ghc/html/libraries/base-XXXXX/Prelude.
html[] 
 []

[136 <./Pictures/HaddockPic.png>]
<Pictures/Hayoo.png, id=1993, 919.435pt x 665.48625pt>
File: Pictures/Hayoo.png Graphic file (type png)

<use Pictures/Hayoo.png> [137 <./Pictures/Hoogle.png> <./Pictures/Hayoo.png>]
[138] [139]
Overfull \hbox (1.4154pt too wide) in paragraph at lines 672--672
[]    \T1/cmtt/m/n/10 flipV (pic1 `above` pic2) == (flipV pic1) `above` (flipV 
pic2)[] 
 []


Overfull \hbox (1.4154pt too wide) in paragraph at lines 683--683
[]    \T1/cmtt/m/n/10 flipH (pic1 `above` pic2) == (flipH pic1) `above` (flipH 
pic2)[] 
 []


Overfull \hbox (11.91284pt too wide) in paragraph at lines 689--689
[]\T1/cmtt/m/n/10 propAboveBeside :: Picture -> Picture ->  Picture -> Picture 
-> Bool[] 
 []

[140]
Overfull \hbox (2.09938pt too wide) in paragraph at lines 705--706
\T1/futs/m/n/10 The el-e-ments are ran-dom, the pic-tures are gen-er-ally not r
ect-an-gu-lar -- be-cause within
 []

[141]
Overfull \hbox (3.21025pt too wide) in paragraph at lines 769--772
\T1/futs/m/n/10 so that the ef-fect of \T1/cmtt/m/n/10 printPicture [".##.", ".
#.#", ".###", "####"]
 []


Overfull \hbox (16.15855pt too wide) in paragraph at lines 790--793
\T1/futs/m/n/10 which ro-tates a pic-ture through $90[]$ clock-wise. For in-sta
nce, the ef-fect of \T1/cmtt/m/n/10 rotate90
 []


Overfull \hbox (4.0992pt too wide) in paragraph at lines 804--806
[]\T1/futs/m/n/10 Using \T1/cmtt/m/n/10 rotate90 \T1/futs/m/n/10 or oth-er-wise
, de-fine a func-tion which ro-tates a pic-ture through
 []

[142]
Overfull \hbox (1.8886pt too wide) in paragraph at lines 833--834
[]\T1/futs/m/n/10 Define prop-er-ties which de-scribe how \T1/cmtt/m/n/10 besid
e \T1/futs/m/n/10 in-ter-acts with \T1/cmtt/m/n/10 flipH \T1/futs/m/n/10 and \T
1/cmtt/m/n/10 flipV\T1/futs/m/n/10 . 
 []

[143] [144] [145] [146]
Overfull \hbox (11.09944pt too wide) in paragraph at lines 1044--1046
[]\T1/futs/m/n/10 [Harder] De-fine two more rep-re-sen-ta-tions of pic-tures yo
ur-self, and re-implement
 []

[147] <Pictures/horsePos.pdf, id=2031, 517.935pt x 461.725pt>
File: Pictures/horsePos.pdf Graphic file (type pdf)

<use Pictures/horsePos.pdf> [148 <./Pictures/horsePos.pdf>]
<Pictures/transfPos.pdf, id=2053, 1067.99pt x 566.115pt>
File: Pictures/transfPos.pdf Graphic file (type pdf)

<use Pictures/transfPos.pdf> [149 <./Pictures/transfPos.pdf>]
<Pictures/superPos.pdf, id=2087, 1449.415pt x 1565.85pt>
File: Pictures/superPos.pdf Graphic file (type pdf)

<use Pictures/superPos.pdf> [150 <./Pictures/superPos.pdf>] [151]
Overfull \hbox (4.5241pt too wide) in paragraph at lines 1289--1292
\T1/futs/m/n/10 The ob-ject of the script will be to con-vert a list of bar cod
es into a list of \T1/cmtt/m/n/10 (Name,Price)
 []


Overfull \hbox (1.00668pt too wide) in paragraph at lines 1329--1332
\T1/futs/m/n/10 to for-mat prices, lines, and the to-tal, and us-ing these we f
i-nally build the \T1/cmtt/m/n/10 formatBill
 []

[152] [153] [154] [155] <Pictures/Cards.pdf, id=2157, 2601.72pt x 1943.26pt>
File: Pictures/Cards.pdf Graphic file (type pdf)

<use Pictures/Cards.pdf> <Pictures/NESW.pdf, id=2158, 493.845pt x 546.04pt>
File: Pictures/NESW.pdf Graphic file (type pdf)

<use Pictures/NESW.pdf> [156 <./Pictures/Cards.pdf>]
<Pictures/Hand1.pdf, id=2171, 891.33pt x 1276.77pt>
File: Pictures/Hand1.pdf Graphic file (type pdf)
 <use Pictures/Hand1.pdf>
[157 <./Pictures/NESW.pdf> <./Pictures/Hand1.pdf>] [158]) [159]
\openout2 = `7.aux'.

 (./7.tex
[160



]
Chapter 7.
[161]
Overfull \hbox (2.3728pt too wide) in paragraph at lines 57--61
\T1/futs/m/n/10 tween cer-tain sorts of \T1/futs/b/n/10 cases \T1/futs/m/n/10 i
n func-tion def-i-ni-tions. We have also seen pat-tern match-
 []

[162] [163]
Overfull \hbox (6.0pt too wide) in paragraph at lines 230--231
[][][][][][] 
 []

[164] [165]
Underfull \hbox (badness 10000) in paragraph at lines 384--384

 []


Underfull \hbox (badness 10000) in paragraph at lines 384--384

 []


Underfull \hbox (badness 10000) in paragraph at lines 384--384

 []


Underfull \hbox (badness 10000) in paragraph at lines 384--384

 []


Overfull \hbox (6.0pt too wide) in paragraph at lines 384--385
[][][][][][] 
 []

[166] [167] [168]
Overfull \hbox (6.0pt too wide) in paragraph at lines 534--535
[][][][][][] 
 []

[169] <Pictures/list1.pdf, id=2257, 955.57pt x 232.87pt>
File: Pictures/list1.pdf Graphic file (type pdf)

<use Pictures/list1.pdf> <Pictures/list2.pdf, id=2258, 738.76pt x 232.87pt>
File: Pictures/list2.pdf Graphic file (type pdf)

<use Pictures/list2.pdf> <Pictures/list3.pdf, id=2259, 955.57pt x 232.87pt>
File: Pictures/list3.pdf Graphic file (type pdf)

<use Pictures/list3.pdf> [170 <./Pictures/list1.pdf> <./Pictures/list2.pdf> <./
Pictures/list3.pdf>] <Pictures/list4.pdf, id=2359, 955.57pt x 232.87pt>
File: Pictures/list4.pdf Graphic file (type pdf)

<use Pictures/list4.pdf> <Pictures/list5.pdf, id=2360, 911.405pt x 232.87pt>
File: Pictures/list5.pdf Graphic file (type pdf)

<use Pictures/list5.pdf> [171 <./Pictures/list4.pdf> <./Pictures/list5.pdf>]
Overfull \hbox (5.72276pt too wide) in paragraph at lines 692--693
\T1/futs/m/n/10 two ques-tions? Check to see whether this prop-erty does hold u
s-ing QuickCheck. 
 []


Overfull \hbox (9.99413pt too wide) in paragraph at lines 695--697
[]\T1/futs/m/n/10 Give prim-i-tive re-cur-sive def-i-ni-tions of the pre-lude f
unc-tions \T1/cmtt/m/n/10 reverse \T1/futs/m/n/10 and \T1/cmtt/m/n/10 unzip\T1/
futs/m/n/10 . 
 []

[172] [173] [174] [175]
Overfull \hbox (0.52948pt too wide) in paragraph at lines 932--934
[]\T1/futs/m/n/10 Define func-tions which de-cide whether one string is a sub-l
ist or a sub-se-quence
 []

[176]
Overfull \hbox (20.47939pt too wide) in paragraph at lines 979--984
\T1/futs/m/n/10 An in-put file in Haskell can be treated as a string of char-ac
-ters, and so string-manipulating
 []

[177] [178] [179] [180]
Overfull \hbox (1.96938pt too wide) in paragraph at lines 1195--1199
[]\T1/futs/m/n/10 In this case study we have de-fined sep-a-rate `take' and `dr
op' func-tions for words
 []

[181]
Overfull \hbox (1.93303pt too wide) in paragraph at lines 1254--1256
[]\T1/futs/m/n/10 [Harder] De-fine QuickCheck prop-er-ties which test the be-ha
viour of your \T1/cmtt/m/n/10 subst
 []

) [182]
\openout2 = `8.aux'.

 (./8.tex
Chapter 8.
File: Pictures/RPS.pdf Graphic file (type pdf)
<use Pictures/RPS.pdf> [183



]
Overfull \hbox (10.30923pt too wide) in paragraph at lines 70--70
 []\T1/cmtt/m/n/10 tournamentOutcome ([Rock,Rock,Paper],[Scissors,Paper,Rock]) 
= 1[] 
 []

[184] [185]
Overfull \hbox (6.0pt too wide) in paragraph at lines 145--146
[][][][][][] 
 []

[186]
Overfull \hbox (6.0pt too wide) in paragraph at lines 189--190
[][][][][][] 
 []

[187]
Overfull \hbox (0.37947pt too wide) in paragraph at lines 234--246
[]\T1/futs/m/n/10 The rea-son for this is pre-cisely that the mean-ing of an ex
-pres-sion is no longer
 []

[188] [189] [190] [191] [192] [193] [194] [195] [196] [197] [198]
Overfull \hbox (6.0pt too wide) in paragraph at lines 890--890
[][][][][][] 
 []

LaTeX Font Info:    Font shape `T1/futs/bx/it' in size <12> not available
(Font)              Font shape `T1/futs/b/it' tried instead on input line 893.
[199] [200]
Overfull \hbox (1.26936pt too wide) in paragraph at lines 936--939
[]\T1/futs/m/n/10 [Harder] Af-ter try-ing out tour-na-ments of dif-fer-ent stra
te-gies against each other,
 []

) [201]
\openout2 = `9.aux'.

 (./9.tex [202



]
Chapter 9.

Underfull \vbox (badness 10000) has occurred while \output is active []

 [203]
Overfull \hbox (2.3764pt too wide) in paragraph at lines 82--85
[]\T1/cmtt/m/n/10 (length.2) \T1/futs/m/n/10 says that \T1/futs/b/n/10 what-eve
r val-ues \T1/futs/m/n/10 of \T1/cmtt/m/n/10 x \T1/futs/m/n/10 and \T1/cmtt/m/n
/10 xs \T1/futs/m/n/10 we choose, \T1/cmtt/m/n/10 length (x:xs)
 []

[204]
Overfull \hbox (7.14667pt too wide) in paragraph at lines 112--116
\T1/futs/m/n/10 From this gen-eral de-scrip-tion we are able to de-duce other f
acts, some like \T1/cmtt/m/n/10 (length.3)
 []


Overfull \hbox (1.95619pt too wide) in paragraph at lines 133--140
\T1/futs/m/n/10 cal, C or Java, think how you might con-vince your-self of the 
ana-logues of \T1/cmtt/m/n/10 (length.3)
 []

[205] [206] [207] [208]
LaTeX Font Info:    Font shape `T1/phv/m/it' in size <10> not available
(Font)              Font shape `T1/phv/m/sl' tried instead on input line 407.
LaTeX Font Info:    Font shape `T1/phv/m/sl' will be
(Font)              scaled to size 8.75pt on input line 407.
LaTeX Font Info:    Font shape `T1/futs/bx/it' in size <10> not available
(Font)              Font shape `T1/futs/b/it' tried instead on input line 414.
 [209] [210] [211] [212]
LaTeX Font Info:    Font shape `T1/cmtt/bx/n' in size <10> not available
(Font)              Font shape `T1/cmtt/m/n' tried instead on input line 608.
 [213]
<Pictures/reverseSwap.pdf, id=2560, 899.36pt x 646.415pt>
File: Pictures/reverseSwap.pdf Graphic file (type pdf)

<use Pictures/reverseSwap.pdf> [214] [215 <./Pictures/reverseSwap.pdf>]
Underfull \hbox (badness 10000) in paragraph at lines 800--800

 []


Underfull \hbox (badness 10000) in paragraph at lines 800--800

 []


Overfull \hbox (6.0pt too wide) in paragraph at lines 800--801
[][][][][][] 
 []

[216] [217] [218] [219] [220]) [221]
\openout2 = `10.aux'.

 (./10.tex [222



]
Chapter 10.
[223] [224] [225] [226] <Pictures/mapType.pdf, id=2642, 1397.22pt x 662.475pt>
File: Pictures/mapType.pdf Graphic file (type pdf)

<use Pictures/mapType.pdf> [227 <./Pictures/mapType.pdf>] [228]
<Pictures/filterType.pdf, id=2668, 1421.31pt x 662.475pt>
File: Pictures/filterType.pdf Graphic file (type pdf)

<use Pictures/filterType.pdf> [229 <./Pictures/filterType.pdf>]
Overfull \hbox (0.2091pt too wide) in paragraph at lines 474--477
\T1/futs/m/n/10 Can you con-clude any-thing in gen-eral about prop-er-ties of \
T1/cmtt/m/n/10 map f (map g xs)
 []

[230] [231] [232] <Pictures/foldrType1.pdf, id=2701, 1465.475pt x 369.38pt>
File: Pictures/foldrType1.pdf Graphic file (type pdf)

<use Pictures/foldrType1.pdf> [233 <./Pictures/foldrType1.pdf>] [234] [235]
[236]
Overfull \hbox (15.36626pt too wide) in paragraph at lines 880--885
\T1/futs/m/n/10 Built into Haskell are the func-tions \T1/cmtt/m/n/10 takeWhile
[] \T1/futs/m/n/10 and \T1/cmtt/m/n/10 dropWhile[]\T1/futs/m/n/10 , which are l
ike \T1/cmtt/m/n/10 getUntil
 []

[237] [238] [239]) [240]
\openout2 = `11.aux'.

 (./11.tex
Chapter 11.
[241



] <Pictures/compos.pdf, id=2749, 1220.56pt x 381.425pt>
File: Pictures/compos.pdf Graphic file (type pdf)

<use Pictures/compos.pdf>
<Pictures/composType.pdf, id=2750, 1445.4pt x 313.17pt>
File: Pictures/composType.pdf Graphic file (type pdf)

<use Pictures/composType.pdf> [242 <./Pictures/compos.pdf>]
Overfull \hbox (6.0pt too wide) in paragraph at lines 133--134
[][][][][][] 
 []

[243 <./Pictures/composType.pdf>] [244]
Overfull \hbox (6.0pt too wide) in paragraph at lines 223--224
[][][][][][] 
 []

[245]
Overfull \hbox (6.0pt too wide) in paragraph at lines 307--308
[][][][][][] 
 []

[246] <Pictures/comp2.pdf, id=2815, 1638.12pt x 987.69pt>
File: Pictures/comp2.pdf Graphic file (type pdf)

<use Pictures/comp2.pdf> [247] [248 <./Pictures/comp2.pdf>]
<Pictures/flip.pdf, id=2856, 1124.2pt x 236.885pt>
File: Pictures/flip.pdf Graphic file (type pdf)
 <use Pictures/flip.pdf>
<Pictures/mult1.pdf, id=2857, 610.28pt x 236.885pt>
File: Pictures/mult1.pdf Graphic file (type pdf)
 <use Pictures/mult1.pdf>
<Pictures/mult2.pdf, id=2858, 734.745pt x 236.885pt>
File: Pictures/mult2.pdf Graphic file (type pdf)
 <use Pictures/mult2.pdf>
<Pictures/mult3.pdf, id=2859, 658.46pt x 236.885pt>
File: Pictures/mult3.pdf Graphic file (type pdf)
 <use Pictures/mult3.pdf>
[249 <./Pictures/flip.pdf> <./Pictures/mult1.pdf> <./Pictures/mult2.pdf>]
Overfull \hbox (5.50653pt too wide) in paragraph at lines 492--494
[]\T1/cmtt/m/n/10 multiply 2 \T1/futs/m/n/10 is a func-tion from in-te-gers to 
in-te-gers, given by ap-ply-ing \T1/cmtt/m/n/10 multiply
 []


Overfull \hbox (6.0pt too wide) in paragraph at lines 555--555
[][][][][][] 
 []

[250 <./Pictures/mult3.pdf>] [251]
Overfull \hbox (6.0pt too wide) in paragraph at lines 621--622
[][][][][][] 
 []

[252] [253]
Overfull \hbox (6.0pt too wide) in paragraph at lines 745--746
[][][][][][] 
 []

<Pictures/arrowDiags.pdf, id=2955, 995.72pt x 485.815pt>
File: Pictures/arrowDiags.pdf Graphic file (type pdf)

<use Pictures/arrowDiags.pdf>
Overfull \hbox (6.0pt too wide) in paragraph at lines 769--769
[][][][][][] 
 []

[254] [255 <./Pictures/arrowDiags.pdf>]
<Pictures/curry.pdf, id=2988, 1244.65pt x 674.52pt>
File: Pictures/curry.pdf Graphic file (type pdf)
 <use Pictures/curry.pdf>
<Pictures/uncurry.pdf, id=2989, 1260.71pt x 674.52pt>
File: Pictures/uncurry.pdf Graphic file (type pdf)

<use Pictures/uncurry.pdf> [256 <./Pictures/curry.pdf>]
Overfull \hbox (2.9838pt too wide) in paragraph at lines 901--902
[]\T1/futs/m/n/10 [Harder] What are the ef-fects and types of \T1/cmtt/m/n/10 u
ncurry uncurry\T1/futs/m/n/10 , \T1/cmtt/m/n/10 curry uncurry\T1/futs/m/n/10 . 

 []

[257 <./Pictures/uncurry.pdf>] [258] [259] [260]
Overfull \hbox (6.0pt too wide) in paragraph at lines 1093--1094
[][][][][][] 
 []


Overfull \hbox (6.0pt too wide) in paragraph at lines 1129--1130
[][][][][][] 
 []

[261] [262] [263] [264] [265]
<Pictures/mapComp.pdf, id=3071, 2027.575pt x 1043.9pt>
File: Pictures/mapComp.pdf Graphic file (type pdf)

<use Pictures/mapComp.pdf> [266 <./Pictures/mapComp.pdf>] [267]
Overfull \hbox (1.4154pt too wide) in paragraph at lines 1529--1529
[]\T1/cmtt/m/n/10 (filter p . map f) (x:xs) = (map f . filter (p . f)) (x:xs)  
 (ind)[] 
 []

[268]
Overfull \hbox (6.0pt too wide) in paragraph at lines 1593--1593
[][][][][][] 
 []

[269] [270] [271] [272]) [273]
\openout2 = `12.aux'.

 (./12.tex [274



]
Chapter 12.
[275] [276]
Overfull \hbox (24.63998pt too wide) in paragraph at lines 152--154
[]$[]$ 
 []

[277]
Overfull \hbox (11.1394pt too wide) in paragraph at lines 185--187
\T1/futs/m/n/10 It is ev-i-dent from this that po-si-tions within lines and lin
es them-selves are counted
 []

[278]
Overfull \hbox (6.0pt too wide) in paragraph at lines 234--235
[][][][][][] 
 []

[279]
Overfull \hbox (35.6301pt too wide) in paragraph at lines 295--296
[]\T1/futs/m/n/10 Can you use the func-tion \T1/cmtt/m/n/10 sTossList \T1/futs/
m/n/10 to give an-other def-i-ni-tion of the \T1/cmtt/m/n/10 randomStrategy
 []

[280]
Overfull \hbox (1.03163pt too wide) in paragraph at lines 331--331
[]\T1/futs/b/n/14.4 Functions as data: recog-nis-ing reg-u-lar ex-pres-sions 
 []

[281]
Overfull \hbox (5.82103pt too wide) in paragraph at lines 375--393
[] 
 []

[282]
Overfull \hbox (6.0pt too wide) in paragraph at lines 447--448
[][][][][][] 
 []

[283]
Overfull \hbox (2.22935pt too wide) in paragraph at lines 507--509
[]\T1/futs/m/n/10 [Hard] Add to the reg-u-lar ex-pres-sions the fa-cil-ity to n
ame sub-strings that match
 []

[284] [285]
Overfull \hbox (9.51921pt too wide) in paragraph at lines 595--597
[]\T1/futs/m/n/10 [Harder] In-ves-ti-gate the \T1/cmtt/m/n/10 Data.Map \T1/futs
/m/n/10 mod-ule as an-other rep-re-sen-ta-tion of bitmaps. 
 []

[286] [287]
Overfull \hbox (17.16156pt too wide) in paragraph at lines 669--669
[]\T1/cmtt/m/n/10 "cathedral doggerel cathedral\nbattery doggerel cathedral\nca
thedral"[] 
 []


Overfull \hbox (7.54663pt too wide) in paragraph at lines 695--700
\T1/futs/m/n/10 carry more in-for-ma-tion: the def-i-ni-tion of `\T1/cmtt/m/n/1
0 Line\T1/futs/m/n/10 ' can be read as say-ing `\T1/cmtt/m/n/10 String \T1/futs
/m/n/10 thought
 []

[288] [289] [290] [291]
Overfull \hbox (0.35052pt too wide) in paragraph at lines 903--903
[]$\U/lasy/m/n/10 ;$  \T1/cmtt/m/n/10 ([2],"bat") : amalgamate [([1],"cat"),([3
],"cat")] \T1/futs/m/n/10 by \T1/cmtt/m/n/10 (amalg.1)[] 
 []


Overfull \hbox (0.64272pt too wide) in paragraph at lines 908--910
\T1/futs/m/n/10 To meet the re-quire-ments, one other op-er-a-tion needs to be 
per-formed. `Small' words
 []

<Pictures/pipeline.pdf, id=3272, 1967.35pt x 232.87pt>
File: Pictures/pipeline.pdf Graphic file (type pdf)

<use Pictures/pipeline.pdf>
Overfull \hbox (0.2194pt too wide) in paragraph at lines 941--946
\T1/futs/m/n/10 be care-ful that your func-tions do not give an empty word when
 there are empty
 []


Overfull \hbox (18.5668pt too wide) in paragraph at lines 941--946
\T1/futs/m/n/10 lines in the \T1/cmtt/m/n/10 Doc\T1/futs/m/n/10 ; this might ha
p-pen for the ex-am-ples \T1/cmtt/m/n/10 "cat\n\ndog" \T1/futs/m/n/10 and \T1/c
mtt/m/n/10 "fish\n"\T1/futs/m/n/10 . 
 []

[292 <./Pictures/pipeline.pdf>]
Overfull \hbox (1.83675pt too wide) in paragraph at lines 984--987
[]\T1/futs/m/n/10 How is the fol-low-ing def-i-ni-tion of the last con-di-tiona
l equa-tion for \T1/cmtt/m/n/10 amalgamate
 []

[293] [294] [295] [296]
Overfull \hbox (9.1354pt too wide) in paragraph at lines 1200--1205
\T1/futs/m/n/10 fied so that the first oc-cur-rence of \T1/cmtt/m/n/10 find \T1
/futs/m/n/10 as a sub-se-quence is re-placed by \T1/cmtt/m/n/10 replace\T1/futs
/m/n/10 .
 []

[297]
Overfull \hbox (19.02167pt too wide) in paragraph at lines 1260--1263
[]\T1/futs/m/n/10 On a non-empty list, if the head \T1/cmtt/m/n/10 x \T1/futs/m
/n/10 has prop-erty \T1/cmtt/m/n/10 p\T1/futs/m/n/10 , then ac-cord-ing to \T1/
cmtt/m/n/10 (mapWhile.2)\T1/futs/m/n/10 ,
 []

[298] [299]) [300]
\openout2 = `13.aux'.

 (./13.tex
Chapter 13.
[301



] [302]
Overfull \hbox (6.0pt too wide) in paragraph at lines 156--157
[][][][][][] 
 []

[303] [304] [305] [306]
Overfull \hbox (6.0pt too wide) in paragraph at lines 413--414
[][][][][][] 
 []

[307] [308]
Overfull \hbox (6.0pt too wide) in paragraph at lines 461--462
[][][][][][] 
 []

[309]
Overfull \hbox (6.0pt too wide) in paragraph at lines 536--537
[][][][][][] 
 []

[310] [311]
Overfull \hbox (15.53925pt too wide) in paragraph at lines 647--648
\T1/futs/m/n/10 We can de-fine a stripped-down ver-sion of QuickCheck for our-s
elves, us-ing the \T1/cmtt/m/n/10 examples
 []


Overfull \hbox (5.2909pt too wide) in paragraph at lines 647--648
\T1/futs/m/n/10 do we check that a \T1/cmtt/m/n/10 property \T1/futs/m/n/10 of 
type \T1/cmtt/m/n/10 a -> Bool\T1/futs/m/n/10 ? We want to check that the \T1/c
mtt/m/n/10 property
 []

[312] [313] <Pictures/classes.pdf, id=3371, 1718.42pt x 2433.09pt>
File: Pictures/classes.pdf Graphic file (type pdf)

<use Pictures/classes.pdf> [314]
Underfull \vbox (badness 10000) has occurred while \output is active []

 [315 <./Pictures/classes.pdf>]
Overfull \hbox (7.64154pt too wide) in paragraph at lines 848--853
[]\T1/futs/m/n/10 Confusingly, the Haskell re-port states that `these func-tion
s [\T1/cmtt/m/n/10 toEnum \T1/futs/m/n/10 and \T1/cmtt/m/n/10 fromEnum\T1/futs/
m/n/10 ]
 []


Overfull \hbox (4.01433pt too wide) in paragraph at lines 848--853
\T1/futs/m/n/10 are not mean-ing-ful for all in-stances of \T1/cmtt/m/n/10 Enum
\T1/futs/m/n/10 ', and us-ing these op-er-a-tions over floating-
 []

[316]
Overfull \hbox (11.91284pt too wide) in paragraph at lines 932--932
[]\T1/cmtt/m/n/10 Probable fix: add a type signature that fixes these type vari
able(s)[] 
 []

[317] [318] [319]
Overfull \hbox (6.0pt too wide) in paragraph at lines 1066--1067
[][][][][][] 
 []


Overfull \hbox (7.0852pt too wide) in paragraph at lines 1073--1075
[]\T1/futs/m/n/10 Investigate the Haskell def-i-ni-tion of `\T1/cmtt/m/n/10 <\T
1/futs/m/n/10 ' on the types \T1/cmtt/m/n/10 Bool \T1/futs/m/n/10 and \T1/cmtt/
m/n/10 ([],[],...,[])\T1/futs/m/n/10 . 
 []

[320]
Overfull \hbox (6.0pt too wide) in paragraph at lines 1196--1197
[][][][][][] 
 []


Underfull \vbox (badness 10000) has occurred while \output is active []

 [321]
Overfull \vbox (1.55698pt too high) has occurred while \output is active []


[322]
Overfull \hbox (10.71397pt too wide) in paragraph at lines 1237--1238
\T1/futs/m/n/10 mor-phic func-tions into monomor-phic ver-sions. To be clear, i
f we de-fine \T1/cmtt/m/n/10 prodFun
 []


Overfull \hbox (10.66928pt too wide) in paragraph at lines 1239--1239
 []\T1/cmtt/m/n/10 prodFun :: (Int -> Bool) -> (Int -> Char) -> Int -> (Bool,Ch
ar)[] 
 []

[323]
Overfull \hbox (31.66415pt too wide) in paragraph at lines 1253--1253
 []    \T1/cmtt/m/n/10 Couldn't match expected type `Int' against inferred type
 `Bool'[] 
 []

[324] <Pictures/FunctionApp.pdf, id=3489, 1846.9pt x 931.48pt>
File: Pictures/FunctionApp.pdf Graphic file (type pdf)

<use Pictures/FunctionApp.pdf>
<Pictures/BoolTypeCheck1.pdf, id=3490, 1746.525pt x 1043.9pt>
File: Pictures/BoolTypeCheck1.pdf Graphic file (type pdf)

<use Pictures/BoolTypeCheck1.pdf> [325 <./Pictures/FunctionApp.pdf> <./Pictures
/BoolTypeCheck1.pdf>]
<Pictures/BoolTypeCheck2.pdf, id=3575, 1746.525pt x 1192.455pt>
File: Pictures/BoolTypeCheck2.pdf Graphic file (type pdf)

<use Pictures/BoolTypeCheck2.pdf>
Overfull \hbox (11.91284pt too wide) in paragraph at lines 1355--1355
[]    \T1/cmtt/m/n/10 Couldn't match expected type `Bool' against inferred type
 `Char'[] 
 []

[326 <./Pictures/BoolTypeCheck2.pdf>] [327]
<Pictures/TypeCheckEx2.pdf, id=3635, 1525.7pt x 465.74pt>
File: Pictures/TypeCheckEx2.pdf Graphic file (type pdf)

<use Pictures/TypeCheckEx2.pdf> [328]
<Pictures/TypeCheckEx3.pdf, id=3639, 1903.11pt x 690.58pt>
File: Pictures/TypeCheckEx3.pdf Graphic file (type pdf)

<use Pictures/TypeCheckEx3.pdf>
<Pictures/Unification.pdf, id=3640, 1626.075pt x 513.92pt>
File: Pictures/Unification.pdf Graphic file (type pdf)

<use Pictures/Unification.pdf> [329 <./Pictures/TypeCheckEx2.pdf> <./Pictures/T
ypeCheckEx3.pdf> <./Pictures/Unification.pdf>]
<Pictures/Unification2.pdf, id=3737, 1063.975pt x 365.365pt>
File: Pictures/Unification2.pdf Graphic file (type pdf)

<use Pictures/Unification2.pdf>
<Pictures/Unification3.pdf, id=3738, 987.69pt x 345.29pt>
File: Pictures/Unification3.pdf Graphic file (type pdf)

<use Pictures/Unification3.pdf>
<Pictures/Unification4.pdf, id=3739, 1316.92pt x 606.265pt>
File: Pictures/Unification4.pdf Graphic file (type pdf)

<use Pictures/Unification4.pdf> [330 <./Pictures/Unification2.pdf> <./Pictures/
Unification3.pdf>]
<Pictures/PolymorphicFunctionApp.pdf, id=3771, 1618.045pt x 875.27pt>
File: Pictures/PolymorphicFunctionApp.pdf Graphic file (type pdf)

<use Pictures/PolymorphicFunctionApp.pdf> [331 <./Pictures/Unification4.pdf> <.
/Pictures/PolymorphicFunctionApp.pdf>]
<Pictures/FoldrDef.pdf, id=3867, 1750.54pt x 1144.275pt>
File: Pictures/FoldrDef.pdf Graphic file (type pdf)

<use Pictures/FoldrDef.pdf> [332 <./Pictures/FoldrDef.pdf>] [333] [334]
[335]
Overfull \hbox (10.66928pt too wide) in paragraph at lines 1922--1922
 []    \T1/cmtt/m/n/10 Possible fix: add an instance declaration for (Eq (a -> 
a))[] 
 []

[336]
Overfull \hbox (0.99947pt too wide) in paragraph at lines 1961--1967
[]\T1/futs/m/n/10 We have seen in-for-mally how the Haskell type sys-tem ac-com
-mo-dates type check-
 []


Overfull \hbox (4.19225pt too wide) in paragraph at lines 1961--1967
\T1/futs/m/n/10 ing for the over-loaded names which be-long to type classes. A 
more thor-ough overview
 []

[337]) [338]
\openout2 = `14.aux'.

 (./14.tex
Chapter 14.
<Pictures/NewTree.pdf, id=3939, 1092.08pt x 1256.695pt>
File: Pictures/NewTree.pdf Graphic file (type pdf)

<use Pictures/NewTree.pdf> [339



] [340 <./Pictures/NewTree.pdf>] [341]
<Pictures/NewTwoTrees.pdf, id=4010, 1092.08pt x 1019.81pt>
File: Pictures/NewTwoTrees.pdf Graphic file (type pdf)

<use Pictures/NewTwoTrees.pdf> [342 <./Pictures/NewTwoTrees.pdf>]
Overfull \hbox (4.76122pt too wide) in paragraph at lines 207--212
[][] 
 []

[343] [344] <Pictures/Associate.pdf, id=4078, 1393.205pt x 823.075pt>
File: Pictures/Associate.pdf Graphic file (type pdf)

<use Pictures/Associate.pdf> [345] [346 <./Pictures/Associate.pdf>]
Overfull \hbox (2.3031pt too wide) in paragraph at lines 417--418
\T1/futs/m/n/10 al-ge-braic types, in-clud-ing \T1/cmtt/m/n/10 assoc\T1/futs/m/
n/10 , as well as show-ing how some of these can be proved
 []

[347] [348]
Underfull \hbox (badness 1509) in paragraph at lines 547--550
\T1/futs/m/n/10 a func-tion to re-flect an \T1/cmtt/m/n/10 NTree\T1/futs/m/n/10
 . What is the re-sult of re-flect-ing twice,
 []

[349]
Overfull \hbox (2.71278pt too wide) in paragraph at lines 601--603
[]\T1/cmtt/m/n/10 Greater e1 e2 \T1/futs/m/n/10 is \T1/cmtt/m/n/10 True \T1/fut
s/m/n/10 when the nu-mer-i-cal ex-pres-sion \T1/cmtt/m/n/10 e1 \T1/futs/m/n/10 
has a larger value
 []

[350] [351] <Pictures/either1.pdf, id=4150, 1373.13pt x 798.985pt>
File: Pictures/either1.pdf Graphic file (type pdf)

<use Pictures/either1.pdf> [352 <./Pictures/either1.pdf>]
Overfull \hbox (6.14525pt too wide) in paragraph at lines 762--766
\T1/futs/m/n/10 If we have a func-tion \T1/cmtt/m/n/10 f::a -> c \T1/futs/m/n/1
0 and we wish to ap-ply it to an el-e-ment of [],
 []

[353] [354] [355] <Pictures/maybe1.pdf, id=4196, 3043.37pt x 714.67pt>
File: Pictures/maybe1.pdf Graphic file (type pdf)

<use Pictures/maybe1.pdf>
Overfull \hbox (16.34999pt too wide) in paragraph at lines 989--990
 [] 
 []

[356] [357 <./Pictures/maybe1.pdf>]
Overfull \hbox (1.10626pt too wide) in paragraph at lines 1056--1058
\T1/futs/m/n/10 which will `squash' \T1/cmtt/m/n/10 Just (Just x) \T1/futs/m/n/
10 to \T1/cmtt/m/n/10 Just x \T1/futs/m/n/10 and all other val-ues to \T1/cmtt/
m/n/10 Nothing\T1/futs/m/n/10 . 
 []


Overfull \hbox (31.03653pt too wide) in paragraph at lines 1066--1069
\T1/futs/m/n/10 the func-tion com-po-si-tion op-er-a-tor and the \T1/cmtt/m/n/1
0 squash \T1/futs/m/n/10 func-tion to de-fine \T1/cmtt/m/n/10 composeMaybe\T1/f
uts/m/n/10 ? 
 []

<Pictures/FishChips.pdf, id=4265, 863.225pt x 1734.48pt>
File: Pictures/FishChips.pdf Graphic file (type pdf)

<use Pictures/FishChips.pdf> [358] [359 <./Pictures/FishChips.pdf>] [360]
Overfull \hbox (6.0pt too wide) in paragraph at lines 1316--1317
[][][][][][] 
 []

[361] [362] [363] <Pictures/moveVec.pdf, id=4450, 1047.915pt x 566.115pt>
File: Pictures/moveVec.pdf Graphic file (type pdf)

<use Pictures/moveVec.pdf>
Overfull \hbox (2.50888pt too wide) in paragraph at lines 1518--1521
\T1/futs/m/n/10 To make \T1/cmtt/m/n/10 Point \T1/futs/m/n/10 an in-stance of \
T1/cmtt/m/n/10 Movable \T1/futs/m/n/10 we have to give def-i-ni-tions of \T1/cm
tt/m/n/10 move\T1/futs/m/n/10 , \T1/cmtt/m/n/10 reflectX
 []

[364 <./Pictures/moveVec.pdf>] [365] [366] [367]
Overfull \hbox (0.85939pt too wide) in paragraph at lines 1707--1714
\T1/futs/m/n/10 Verification for al-ge-braic types fol-lows the ex-am-ple of li
sts, as first dis-cussed in Chap-
 []

[368] [369] [370]
Overfull \hbox (6.0pt too wide) in paragraph at lines 1949--1950
[][][][][][] 
 []

[371] [372] [373]) [374]
\openout2 = `15.aux'.

 (./15.tex
Chapter 15.

Overfull \hbox (3.87057pt too wide) in paragraph at lines 20--24
\T1/futs/m/n/10 func-tions and so on, with a clearly de-fined \T1/futs/m/it/10 
in-ter-face \T1/futs/m/n/10 stat-ing what the mod-ule \T1/cmtt/m/n/10 exports
 []

[375



] [376]
Overfull \hbox (6.0pt too wide) in paragraph at lines 161--162
[][][][][][] 
 []

[377]
Overfull \hbox (6.0pt too wide) in paragraph at lines 217--218
[][][][][][] 
 []

[378]
Overfull \hbox (3.56947pt too wide) in paragraph at lines 286--293
\T1/futs/m/n/10 with types given to all top-level def-i-ni-tions, and com-ments
 ac-com-pa-ny-ing each script
 []

[379] [380] <Pictures/Huffman1.pdf, id=4526, 578.16pt x 606.265pt>
File: Pictures/Huffman1.pdf Graphic file (type pdf)

<use Pictures/Huffman1.pdf>
<Pictures/Huffman2.pdf, id=4527, 578.16pt x 606.265pt>
File: Pictures/Huffman2.pdf Graphic file (type pdf)

<use Pictures/Huffman2.pdf>
<Pictures/Huffman3.pdf, id=4528, 578.16pt x 718.685pt>
File: Pictures/Huffman3.pdf Graphic file (type pdf)

<use Pictures/Huffman3.pdf>
<Pictures/Huffman4.pdf, id=4529, 578.16pt x 762.85pt>
File: Pictures/Huffman4.pdf Graphic file (type pdf)

<use Pictures/Huffman4.pdf>
<Pictures/Huffman5.pdf, id=4530, 578.16pt x 786.94pt>
File: Pictures/Huffman5.pdf Graphic file (type pdf)

<use Pictures/Huffman5.pdf>
<Pictures/Huffman6.pdf, id=4531, 517.935pt x 718.685pt>
File: Pictures/Huffman6.pdf Graphic file (type pdf)

<use Pictures/Huffman6.pdf>
<Pictures/Huffman7.pdf, id=4532, 509.905pt x 714.67pt>
File: Pictures/Huffman7.pdf Graphic file (type pdf)

<use Pictures/Huffman7.pdf>
<Pictures/Huffman8.pdf, id=4533, 445.665pt x 714.67pt>
File: Pictures/Huffman8.pdf Graphic file (type pdf)

<use Pictures/Huffman8.pdf> [381 <./Pictures/Huffman1.pdf> <./Pictures/Huffman2
.pdf> <./Pictures/Huffman3.pdf> <./Pictures/Huffman4.pdf> <./Pictures/Huffman5.
pdf>] <Pictures/Huffman9.pdf, id=4607, 578.16pt x 606.265pt>
File: Pictures/Huffman9.pdf Graphic file (type pdf)

<use Pictures/Huffman9.pdf>
<Pictures/Huffman10.pdf, id=4608, 578.16pt x 606.265pt>
File: Pictures/Huffman10.pdf Graphic file (type pdf)

<use Pictures/Huffman10.pdf> [382 <./Pictures/Huffman6.pdf> <./Pictures/Huffman
7.pdf> <./Pictures/Huffman8.pdf> <./Pictures/Huffman9.pdf> <./Pictures/Huffman1
0.pdf>]
Overfull \hbox (2.8808pt too wide) in paragraph at lines 519--521
\T1/futs/m/n/10 We have cho-sen to list the names im-ported here; the state-men
t \T1/cmtt/m/n/10 import Types \T1/futs/m/n/10 would
 []

[383] [384] [385] [386]
<Pictures/Huffman11.pdf, id=4695, 578.16pt x 606.265pt>
File: Pictures/Huffman11.pdf Graphic file (type pdf)

<use Pictures/Huffman11.pdf> [387 <./Pictures/Huffman11.pdf>] [388] [389]
[390] [391]
Overfull \hbox (27.659pt too wide) in paragraph at lines 918--918
[]\T1/cmtt/m/n/10 module Main (main, codeMessage, decodeMessage, codes, codeTab
le ) where[] 
 []

<Pictures/modules.pdf, id=4725, 1903.11pt x 1730.465pt>
File: Pictures/modules.pdf Graphic file (type pdf)

<use Pictures/modules.pdf> [392] [393]
Overfull \hbox (2.53938pt too wide) in paragraph at lines 1019--1021
[]\T1/futs/m/n/10 Modifying your pre-vi-ous an-swer if nec-es-sary, give a ver-
sion of merge sort which
 []


Overfull \hbox (0.35524pt too wide) in paragraph at lines 1027--1030
\T1/futs/m/n/10 Explain how to im-ple-ment \T1/cmtt/m/n/10 mergeSort freqMerge 
\T1/futs/m/n/10 us-ing this ver-sion of merge
 []

[394 <./Pictures/modules.pdf>] [395]) [396]
\openout2 = `16.aux'.

 (./16.tex
Chapter 16.
[397



] <Pictures/StoreADT.pdf, id=4790, 1308.89pt x 521.95pt>
File: Pictures/StoreADT.pdf Graphic file (type pdf)

<use Pictures/StoreADT.pdf>
Underfull \vbox (badness 10000) has occurred while \output is active []

 [398 <./Pictures/StoreADT.pdf>] [399]
Overfull \hbox (6.0pt too wide) in paragraph at lines 236--237
[][][][][][] 
 []


Underfull \vbox (badness 3417) has occurred while \output is active []

 [400]
[401]
Overfull \hbox (0.9694pt too wide) in paragraph at lines 320--321
\T1/futs/m/n/10 If we per-form a QuickCheck on these prop-er-ties -- the ap-pro
-pri-ate QuickCheck magic
 []

[402] [403]
Overfull \hbox (6.0pt too wide) in paragraph at lines 436--437
[][][][][][] 
 []

[404] <Pictures/TwoListQueue.pdf, id=4848, 1409.265pt x 1421.31pt>
File: Pictures/TwoListQueue.pdf Graphic file (type pdf)

<use Pictures/TwoListQueue.pdf>
Underfull \vbox (badness 2809) has occurred while \output is active []

 [405 <./Pictures/TwoListQueue.pdf>]
Overfull \hbox (6.0pt too wide) in paragraph at lines 521--522
[][][][][][] 
 []

[406]
Overfull \hbox (4.38943pt too wide) in paragraph at lines 553--554
[]\T1/futs/m/n/10 Define QuickCheck prop-er-ties which will test the queue im-p
le-men-ta-tions given
 []

[407] [408] [409]
Overfull \hbox (1.4154pt too wide) in paragraph at lines 750--750
[]    \T1/cmtt/m/n/10 addToQueue,     -- Int -> Inmess -> ServerState -> Server
State[] 
 []

[410]
Overfull \hbox (6.66412pt too wide) in paragraph at lines 826--826
[]    \T1/cmtt/m/n/10 = (QS (time+1) 0 inRest , [Discharge arr (time-serv-arr) 
serv])[] 
 []

[411]
Overfull \hbox (8.75398pt too wide) in paragraph at lines 878--880
[]\T1/futs/m/n/10 Adding an el-e-ment to a queue uses the func-tion \T1/cmtt/m/
n/10 addMessage \T1/futs/m/n/10 from the \T1/cmtt/m/n/10 QueueState
 []

[412]
Overfull \hbox (7.09262pt too wide) in paragraph at lines 938--940
\T1/futs/m/n/10 In find-ing the short-est queue, we use the \T1/cmtt/m/n/10 que
ueLength \T1/futs/m/n/10 func-tion from the \T1/cmtt/m/n/10 QueueState
 []

[413]
Overfull \hbox (24.62544pt too wide) in paragraph at lines 1006--1008
[]\T1/futs/m/n/10 Give an im-ple-men-ta-tion of the round-robin sim-u-la-tion w
hich \T1/futs/m/it/10 uses \T1/futs/m/n/10 the \T1/cmtt/m/n/10 ServerState
 []

[414] [415] <Pictures/SearchTree1.pdf, id=4976, 690.58pt x 574.145pt>
File: Pictures/SearchTree1.pdf Graphic file (type pdf)

<use Pictures/SearchTree1.pdf>
<Pictures/SearchTree2.pdf, id=4977, 807.015pt x 574.145pt>
File: Pictures/SearchTree2.pdf Graphic file (type pdf)

<use Pictures/SearchTree2.pdf>
<Pictures/SearchTree3.pdf, id=4978, 622.325pt x 790.955pt>
File: Pictures/SearchTree3.pdf Graphic file (type pdf)

<use Pictures/SearchTree3.pdf>
<Pictures/SearchTree4.pdf, id=4979, 622.325pt x 790.955pt>
File: Pictures/SearchTree4.pdf Graphic file (type pdf)

<use Pictures/SearchTree4.pdf>
<Pictures/SearchTree5.pdf, id=4980, 622.325pt x 574.145pt>
File: Pictures/SearchTree5.pdf Graphic file (type pdf)

<use Pictures/SearchTree5.pdf>
<Pictures/SearchTree6.pdf, id=4981, 622.325pt x 574.145pt>
File: Pictures/SearchTree6.pdf Graphic file (type pdf)

<use Pictures/SearchTree6.pdf>
<Pictures/SearchTree7.pdf, id=4982, 550.055pt x 574.145pt>
File: Pictures/SearchTree7.pdf Graphic file (type pdf)

<use Pictures/SearchTree7.pdf> [416 <./Pictures/SearchTree1.pdf> <./Pictures/Se
archTree2.pdf> <./Pictures/SearchTree3.pdf>] [417] [418 <./Pictures/SearchTree4
.pdf> <./Pictures/SearchTree5.pdf> <./Pictures/SearchTree6.pdf> <./Pictures/Sea
rchTree7.pdf>] [419] [420] [421]
Overfull \hbox (2.04941pt too wide) in paragraph at lines 1437--1444
\T1/futs/m/n/10 There are nu-mer-ous pos-si-ble sig-na-tures for sets, some of 
which as-sume cer-tain prop-
 []

[422] [423] [424]
Overfull \hbox (1.90312pt too wide) in paragraph at lines 1586--1591
 \T1/futs/b/n/10 Union, in-ter-sec-tion, dif-fer-ence.[] \T1/futs/m/n/10 The fu
nc-tions \T1/cmtt/m/n/10 union,inter,diff \T1/futs/m/n/10 give the union,
 []

[425]
Overfull \hbox (4.76997pt too wide) in paragraph at lines 1657--1661
 \T1/futs/b/n/10 Higher-order func-tions.[] \T1/cmtt/m/n/10 mapSet\T1/futs/m/n/
10 , \T1/cmtt/m/n/10 filterSet \T1/futs/m/n/10 and \T1/cmtt/m/n/10 foldSet \T1/
futs/m/n/10 be-have like \T1/cmtt/m/n/10 map\T1/futs/m/n/10 , \T1/cmtt/m/n/10 f
ilter
 []

[426] [427]

LaTeX Warning: Float too large for page by 6.3746pt on input line 1837.


Overfull \hbox (0.53932pt too wide) in paragraph at lines 1781--1838
[]\T1/futs/m/n/10 We look at two ex-am-ples of \T1/futs/b/n/10 fam-ily re-la-ti
ons\T1/futs/m/n/10 , []based on a re-la-tion \T1/cmtt/m/n/10 isParent[] \T1/fut
s/m/n/10 which
 []

[428] [429] [430]
Overfull \hbox (6.0pt too wide) in paragraph at lines 1968--1969
[][][][][][] 
 []

<Pictures/Graph.pdf, id=5378, 678.535pt x 686.565pt>
File: Pictures/Graph.pdf Graphic file (type pdf)
 <use Pictures/Graph.pdf>
[431 <./Pictures/Graph.pdf>] [432]
Overfull \hbox (1.57074pt too wide) in paragraph at lines 2066--2070
\T1/futs/m/n/10 with \T1/cmtt/m/n/10 breadthFirst graph1 1 = [1,2,3,4]\T1/futs/
m/n/10 , for in-stance. The use of a list in these
 []


Overfull \hbox (6.01741pt too wide) in paragraph at lines 2102--2105
\T1/futs/m/n/10 A breadth-first search in-volves re-peat-edly ap-ply-ing \T1/cm
tt/m/n/10 findDescs \T1/futs/m/n/10 un-til a limit is reached.
 []

[433] [434] [435]
Overfull \hbox (3.06903pt too wide) in paragraph at lines 2283--2288
[]\T1/futs/m/n/10 The sig-na-ture in an ADT is as-so-ci-ated with a sin-gle im-
ple-men-ta-tion type, which
 []

[436]
Overfull \hbox (10.39946pt too wide) in paragraph at lines 2298--2302
[]\T1/futs/m/n/10 They pro-vide a nat-u-ral rep-re-sen-ta-tion of a type, which
 avoids be-ing over-specific.
 []

) [437]
\openout2 = `17.aux'.

 (./17.tex [438



]
Chapter 17.

Underfull \vbox (badness 10000) has occurred while \output is active []

 [439]
[440] <Pictures/Sharing.pdf, id=5444, 1862.96pt x 293.095pt>
File: Pictures/Sharing.pdf Graphic file (type pdf)

<use Pictures/Sharing.pdf> [441 <./Pictures/Sharing.pdf>] [442] [443] [444]
Overfull \hbox (3.52274pt too wide) in paragraph at lines 330--338
[]\T1/futs/m/n/10 The other op-er-a-tions, such as the arith-metic op-er-a-tors
, vary. Mul-ti-pli-ca-tion []needs
 []

[445] [446] [447] [448]
Overfull \hbox (6.1667pt too wide) in paragraph at lines 604--604
[]$\U/lasy/m/n/10 ;$  \T1/cmtt/m/n/10 [ 1:ps | ps <- perms [2,3]] ++...++ [ 3:p
s | ps <- perms [1,2]][] 
 []


Overfull \hbox (6.1667pt too wide) in paragraph at lines 605--605
[]$\U/lasy/m/n/10 ;$  \T1/cmtt/m/n/10 [ 1:ps | ps<-[[2,3],[3,2]]] ++...++ [ 3:p
s | ps<-[[1,2],[2,1]]][] 
 []

[449] [450] [451]
Overfull \hbox (0.70946pt too wide) in paragraph at lines 777--781
[]\T1/futs/m/n/10 The cal-cu-la-tion rules for list com-pre-hen-sions can be re
-stated for the two cases
 []

[452] [453] <Pictures/Graph2.pdf, id=5524, 1128.215pt x 686.565pt>
File: Pictures/Graph2.pdf Graphic file (type pdf)

<use Pictures/Graph2.pdf> [454 <./Pictures/Graph2.pdf>] [455] [456] [457]
Overfull \hbox (2.95282pt too wide) in paragraph at lines 1092--1094
\T1/futs/m/n/10 Suppose that \T1/cmtt/m/n/10 bracket \T1/futs/m/n/10 and \T1/cm
tt/m/n/10 number \T1/futs/m/n/10 are the parsers of this type which rec-og-nize
 brack-
 []


Overfull \hbox (7.80603pt too wide) in paragraph at lines 1140--1143
\T1/futs/m/n/10 These and the parser-combining func-tions are il-lus-trated in 
Fig-ure 17.1[]; we go through
 []

[458] [459] [460] [461] [462] [463] [464] [465]
Overfull \hbox (6.0pt too wide) in paragraph at lines 1558--1559
[][][][][][] 
 []

[466] [467] [468] <Pictures/Sieve.pdf, id=5613, 2830.575pt x 618.31pt>
File: Pictures/Sieve.pdf Graphic file (type pdf)

<use Pictures/Sieve.pdf>
Overfull \hbox (16.34999pt too wide) in paragraph at lines 1750--1751
 [] 
 []

[469 <./Pictures/Sieve.pdf>] [470] [471]
Underfull \hbox (badness 1205) in paragraph at lines 1975--1975
[][]\T1/futs/m/n/10 The list com-pre-hen-sion \T1/cmtt/m/n/10 pythagTriples2\T1
/futs/m/n/10 , in-tended to pro-duce the list of all
 []


Overfull \hbox (6.0pt too wide) in paragraph at lines 1975--1976
[][][][][][] 
 []

[472] [473] <Pictures/Processes1.pdf, id=5835, 2055.68pt x 622.325pt>
File: Pictures/Processes1.pdf Graphic file (type pdf)

<use Pictures/Processes1.pdf>
Overfull \hbox (16.34999pt too wide) in paragraph at lines 2064--2065
 [] 
 []

<Pictures/Processes2.pdf, id=5836, 1899.095pt x 542.025pt>
File: Pictures/Processes2.pdf Graphic file (type pdf)

<use Pictures/Processes2.pdf>
Overfull \hbox (16.34999pt too wide) in paragraph at lines 2071--2072
 [] 
 []

[474 <./Pictures/Processes1.pdf>]
<Pictures/Processes3.pdf, id=5877, 2063.71pt x 851.18pt>
File: Pictures/Processes3.pdf Graphic file (type pdf)

<use Pictures/Processes3.pdf>
Overfull \hbox (16.34999pt too wide) in paragraph at lines 2100--2101
 [] 
 []

[475 <./Pictures/Processes2.pdf> <./Pictures/Processes3.pdf>] [476] [477]
[478] [479] [480] [481] [482] [483] [484] [485]) [486]
\openout2 = `18.aux'.

 (./18.tex
Chapter 18.
[487



] [488] [489] [490] [491]
Overfull \hbox (4.55156pt too wide) in paragraph at lines 271--272
\T1/futs/m/n/10 We in-tro-duced the \T1/cmtt/m/n/10 randomStrategy \T1/futs/m/n
/10 in Chap-ter 8[], but pointed out there that it should
 []

[492]
Overfull \hbox (7.91953pt too wide) in paragraph at lines 292--293
\T1/futs/m/n/10 if we want to in-clude monadic func-tions, then we should re-de
-fine them to be monadic,
 []


Overfull \hbox (4.34946pt too wide) in paragraph at lines 315--317
[]\T1/futs/m/n/10 [Harder] Reim-ple-ment the Rock - Pa-per - Scis-sors case stu
dy to use the monadic
 []

[493]
Overfull \hbox (1.88228pt too wide) in paragraph at lines 371--374
\T1/futs/m/n/10 where the \T1/cmtt/m/n/10 opValue \T1/futs/m/n/10 func-tion of 
type \T1/cmtt/m/n/10 Ops->Integer->Integer->Integer \T1/futs/m/n/10 in-ter-pret
s
 []

[494] [495]
Overfull \hbox (0.2095pt too wide) in paragraph at lines 456--459
[]\T1/futs/m/n/10 How would you ex-tend the cal-cu-la-tor to deal with dec-i-ma
l floating-point num-
 []


Overfull \hbox (4.40184pt too wide) in paragraph at lines 498--501
[]\T1/futs/m/n/10 The key to un-der-stand-ing the \T1/cmtt/m/n/10 do \T1/futs/m
/n/10 is the op-er-a-tion \T1/cmtt/m/n/10 (>>=)\T1/futs/m/n/10 , which is of-te
n pro-nounced
 []

<Pictures/Monad1.pdf, id=6015, 1019.81pt x 389.455pt>
File: Pictures/Monad1.pdf Graphic file (type pdf)

<use Pictures/Monad1.pdf> [496]
<Pictures/Monad2.pdf, id=6019, 1573.88pt x 389.455pt>
File: Pictures/Monad2.pdf Graphic file (type pdf)

<use Pictures/Monad2.pdf>
<Pictures/Monad3.pdf, id=6020, 2316.655pt x 389.455pt>
File: Pictures/Monad3.pdf Graphic file (type pdf)

<use Pictures/Monad3.pdf>
<Pictures/Monad4.pdf, id=6021, 2135.98pt x 389.455pt>
File: Pictures/Monad4.pdf Graphic file (type pdf)

<use Pictures/Monad4.pdf> [497 <./Pictures/Monad1.pdf> <./Pictures/Monad2.pdf> 
<./Pictures/Monad3.pdf> <./Pictures/Monad4.pdf>]
Overfull \hbox (11.6894pt too wide) in paragraph at lines 563--564
\T1/futs/m/n/10 and gives a read-able and com-pre-hen-si-ble way of writ-ing th
ese pro-grams within Haskell. 
 []

[498]
Overfull \hbox (6.0pt too wide) in paragraph at lines 641--642
[][][][][][] 
 []

[499] [500] <Pictures/Monad5.pdf, id=6175, 2818.53pt x 389.455pt>
File: Pictures/Monad5.pdf Graphic file (type pdf)

<use Pictures/Monad5.pdf>
<Pictures/Monad6.pdf, id=6176, 1573.88pt x 389.455pt>
File: Pictures/Monad6.pdf Graphic file (type pdf)

<use Pictures/Monad6.pdf> [501 <./Pictures/Monad5.pdf> <./Pictures/Monad6.pdf>]

Overfull \hbox (6.69073pt too wide) in paragraph at lines 805--806
\T1/cmtt/m/n/10 data \T1/futs/m/n/10 type, \T1/cmtt/m/n/10 newtype \T1/futs/m/n
/10 or prim-i-tive type. So, we de-fine, as in \T1/cmtt/m/n/10 Control.Monad.Id
entity\T1/futs/m/n/10 , 
 []

[502] [503] [504] [505]
<Pictures/TreeBefore.pdf, id=6274, 863.225pt x 1116.17pt>
File: Pictures/TreeBefore.pdf Graphic file (type pdf)

<use Pictures/TreeBefore.pdf>
<Pictures/TreeAfter.pdf, id=6275, 738.76pt x 1116.17pt>
File: Pictures/TreeAfter.pdf Graphic file (type pdf)

<use Pictures/TreeAfter.pdf> [506] [507 <./Pictures/TreeBefore.pdf> <./Pictures
/TreeAfter.pdf>] [508]
Overfull \hbox (6.0pt too wide) in paragraph at lines 1206--1207
[][][][][][] 
 []

[509]
Overfull \hbox (0.80612pt too wide) in paragraph at lines 1229--1230
\T1/futs/m/n/10 com-pu-ta-tion ex-plic-itly; com-pare your so-lu-tion with the 
monadic ver-sion given
 []

[510]) [511]
\openout2 = `19.aux'.

 (./19.tex [512



]
Chapter 19.
<Pictures/GHClanguages.pdf, id=6421, 1830.84pt x 682.55pt>
File: Pictures/GHClanguages.pdf Graphic file (type pdf)

<use Pictures/GHClanguages.pdf> [513]
Overfull \hbox (1.25949pt too wide) in paragraph at lines 27--28
[]\T1/futs/m/n/10 In some cases the hard-ware it-self will be pro-grammable: a 
field-programmable
 []


Overfull \hbox (1.1295pt too wide) in paragraph at lines 37--39
\T1/futs/m/n/10 com-mands to ex-press lay-out and other con-fig-u-ra-tions and 
these, to-gether with
 []

[514 <./Pictures/GHClanguages.pdf>]
<Pictures/DSLtypes.pdf, id=6506, 1666.225pt x 1164.35pt>
File: Pictures/DSLtypes.pdf Graphic file (type pdf)

<use Pictures/DSLtypes.pdf> [515 <./Pictures/DSLtypes.pdf>] [516]
<Pictures/ShallowDeep.pdf, id=6554, 1686.3pt x 1509.64pt>
File: Pictures/ShallowDeep.pdf Graphic file (type pdf)

<use Pictures/ShallowDeep.pdf> [517] [518 <./Pictures/ShallowDeep.pdf>]
[519] [520] [521]
Overfull \hbox (0.66937pt too wide) in paragraph at lines 267--268
\T1/futs/m/n/10 ex-pres-sions: us-ing a recog-niser we can tell whether or not 
a par-tic-u-lar string matches
 []

[522]
Overfull \hbox (43.31876pt too wide) in paragraph at lines 317--317
 []  \T1/cmtt/m/sl/10 ["","a","b","aa","bb","ab","aaa","abb","aab","aaab","aabb
","aaabb"][] 
 []


Overfull \hbox (6.0pt too wide) in paragraph at lines 352--353
[][][][][][] 
 []

[523] [524] [525] [526]
<Pictures/PositionedImages.pdf, id=6632, 1304.875pt x 2103.86pt>
File: Pictures/PositionedImages.pdf Graphic file (type pdf)

<use Pictures/PositionedImages.pdf> [527 <./Pictures/PositionedImages.pdf>]
Overfull \hbox (23.55324pt too wide) in paragraph at lines 569--569
[]\T1/futs/b/n/14.4 DSLs for com-pu-ta-tion: gen-er-at-ing data in QuickCheck 
 []

[528] [529] [530]
Overfull \hbox (6.0pt too wide) in paragraph at lines 729--730
[][][][][][] 
 []


Overfull \hbox (6.0pt too wide) in paragraph at lines 756--757
[][][][][][] 
 []


Overfull \hbox (8.8627pt too wide) in paragraph at lines 771--772
\T1/futs/m/n/10 We've used the ba-sics of QuickCheck in giv-ing gen-er-a-tors f
or sim-ple types. QuickCheck
 []

[531] [532]
Overfull \hbox (6.0pt too wide) in paragraph at lines 805--806
[][][][][][] 
 []


Overfull \hbox (6.18277pt too wide) in paragraph at lines 808--809
\T1/futs/m/n/10 other lan-guages. The orig-i-nal pa-per was pub-lished in 2000,
 and in 2010 it was awarded
 []


Overfull \hbox (7.7495pt too wide) in paragraph at lines 809--809
[]\T1/futs/m/n/10 This pa-per pre-sented a very sim-ple but pow-er-ful sys-tem 
for test-ing Haskell
 []


Overfull \hbox (1.5429pt too wide) in paragraph at lines 809--809
\T1/futs/m/n/10 pro-grams in Haskell. The pa-per de-scribes a clever way to use
 type classes
 []

[533] [534] <Pictures/Gill.pdf, id=6687, 1055.945pt x 325.215pt>
File: Pictures/Gill.pdf Graphic file (type pdf)

<use Pictures/Gill.pdf>) [535 <./Pictures/Gill.pdf>]
\openout2 = `20.aux'.

 (./20.tex [536



]
Chapter 20.
[537] [538] <Pictures/CountTrees.pdf, id=6732, 1726.45pt x 686.565pt>
File: Pictures/CountTrees.pdf Graphic file (type pdf)

<use Pictures/CountTrees.pdf> [539] [540 <./Pictures/CountTrees.pdf>] [541]
[542] [543] [544] [545] [546] [547] [548] [549] [550] [551]
Overfull \hbox (32.90771pt too wide) in paragraph at lines 978--978
[]              \T1/cmtt/m/n/10 45 MB total memory in use (0 MB lost due to fra
gmentation)[] 
 []


Overfull \hbox (38.15643pt too wide) in paragraph at lines 980--980
[]  \T1/cmtt/m/n/10 Generation 0:   217 collections,     0 parallel,  1.80s,  1
.82s elapsed[] 
 []


Overfull \hbox (38.15643pt too wide) in paragraph at lines 981--981
[]  \T1/cmtt/m/n/10 Generation 1:     7 collections,     0 parallel,  0.05s,  0
.06s elapsed[] 
 []


Overfull \hbox (32.90771pt too wide) in paragraph at lines 1007--1007
[]               \T1/cmtt/m/n/10 1 MB total memory in use (0 MB lost due to fra
gmentation)[] 
 []


Overfull \hbox (38.15643pt too wide) in paragraph at lines 1009--1009
[]  \T1/cmtt/m/n/10 Generation 0:   242 collections,     0 parallel,  0.00s,  0
.00s elapsed[] 
 []


Overfull \hbox (38.15643pt too wide) in paragraph at lines 1010--1010
[]  \T1/cmtt/m/n/10 Generation 1:     1 collections,     0 parallel,  0.00s,  0
.00s elapsed[] 
 []

[552] [553] [554] [555]
Overfull \hbox (6.03415pt too wide) in paragraph at lines 1113--1115
[]\T1/futs/m/n/10 Beside the ex-am-ples of \T1/cmtt/m/n/10 (+) \T1/futs/m/n/10 
and \T1/cmtt/m/n/10 (*)\T1/futs/m/n/10 , there are many other ex-am-ples where 
\T1/cmtt/m/n/10 foldl'
 []

[556] [557]
Overfull \hbox (6.66412pt too wide) in paragraph at lines 1278--1278
[]     \T1/cmtt/m/n/10 = max (maxLen xs ys i (j-1)) (maxLen xs ys (i-1) j)  (ma
xLen.4)[] 
 []

[558]
Underfull \vbox (badness 10000) has occurred while \output is active []

 [559]
Overfull \hbox (13.86734pt too wide) in paragraph at lines 1363--1365
\T1/futs/m/n/10 The equa-tions \T1/cmtt/m/n/10 (maxLen.2) \T1/futs/m/n/10 to \T
1/cmtt/m/n/10 (maxLen.4) \T1/futs/m/n/10 tell us how to de-fine the list \T1/cm
tt/m/n/10 maxTab!!(i+1)
 []

[560] <Pictures/Greedy.pdf, id=6877, 650.43pt x 461.725pt>
File: Pictures/Greedy.pdf Graphic file (type pdf)

<use Pictures/Greedy.pdf> [561 <./Pictures/Greedy.pdf>]) [562]
\openout2 = `21.aux'.

 (./21.tex
Chapter 21.
[563



] [564] <Pictures/HaskellDotOrg.pdf, id=6939, 1062.97125pt x 707.64375pt>
File: Pictures/HaskellDotOrg.pdf Graphic file (type pdf)

<use Pictures/HaskellDotOrg.pdf>
Overfull \hbox (16.34999pt too wide) in paragraph at lines 120--121
 [] 
 []

[565] [566 <./Pictures/HaskellDotOrg.pdf>] [567]) [568]
\openout2 = `appendix1.aux'.

 (./appendix1.tex
Appendix A.
[569



] [570] [571] [572] [573]
Overfull \hbox (1.4154pt too wide) in paragraph at lines 287--287
[]      \T1/cmtt/m/n/10 else doubleAll := cons( 2*head(xs) , doubleAll( tail(xs
) ) )[] 
 []

[574] [575] [576]) [577]
\openout2 = `glossary.aux'.

 (./glossary.tex [578



]
Appendix B.
[579] [580] [581] [582] [583] [584]) [585]
\openout2 = `opsTable.aux'.

 (./opsTable.tex [586



]
Appendix C.

Underfull \hbox (badness 10000) in paragraph at lines 23--23
[]|\T1/cmtt/m/n/10 *, /, `div`,
 []


Underfull \hbox (badness 10000) in paragraph at lines 23--23
\T1/cmtt/m/n/10 `mod`, `rem`,
 []


Underfull \hbox (badness 10000) in paragraph at lines 26--27
[]|\T1/cmtt/m/n/10 /=, <, <=, ==,
 []


Underfull \hbox (badness 10000) in paragraph at lines 26--27
\T1/cmtt/m/n/10 >, >=, `elem`,
 []

[587]) [588]
\openout2 = `otherHs.aux'.

 (./otherHs.tex
Appendix D.
[589



]) [590]
\openout2 = `errors.aux'.

 (./errors.tex
Appendix E.
[591



]
Overfull \hbox (10.66928pt too wide) in paragraph at lines 103--103
 []    \T1/cmtt/m/n/10 lexical error in string/character literal at character '
\''[] 
 []

[592]
Overfull \hbox (15.918pt too wide) in paragraph at lines 160--160
 []\T1/cmtt/m/n/10 Couldn't match expected type `Bool' against inferred type `C
har'[] 
 []

[593]
Overfull \hbox (0.53802pt too wide) in paragraph at lines 194--200
\T1/futs/m/n/10 com-mon type er-rors come from con-fus-ing the roles of `\T1/cm
tt/m/n/10 :\T1/futs/m/n/10 ' and `\T1/cmtt/m/n/10 ++\T1/futs/m/n/10 ' as in \T1
/cmtt/m/n/10 2++[2]
 []


Overfull \hbox (10.66928pt too wide) in paragraph at lines 209--209
 []\T1/cmtt/m/n/10 Couldn't match expected type `Int' against inferred type `Ch
ar'[] 
 []

[594] [595]
Overfull \hbox (21.16672pt too wide) in paragraph at lines 326--326
 []\T1/cmtt/m/n/10 <interactive>: memory allocation failed (requested 2097152 b
ytes)[] 
 []

) [596]
\openout2 = `projects.aux'.

 (./projects.tex
Appendix F.
[597



] [598] [599]
Overfull \hbox (2.14943pt too wide) in paragraph at lines 106--107
\T1/futs/m/n/10 As an ex-er-cise, im-ple-ment the chain of con-ver-sions from r
eg-u-lar ex-pres-sions to NFAs,
 []

[600]) [601] (./root.bbl [602


]
Overfull \hbox (2.46251pt too wide) in paragraph at lines 66--69
[]\T1/futs/m/n/10 Cabal (2010). The Haskell Ca-bal. Avail-able at \T1/cmtt/m/n/
10 http://www.haskell.org/cabal/\T1/futs/m/n/10 . 
 []

[603]
Underfull \hbox (badness 10000) in paragraph at lines 109--112
[]\T1/futs/m/n/10 GHCi (2010). The Glas-gow Haskell Com-piler. Avail-able from
 []


Underfull \hbox (badness 10000) in paragraph at lines 144--147
[]\T1/futs/m/n/10 Haskell Plat-form (2010). The Haskell Plat-form. Avail-able a
t
 []


Underfull \hbox (badness 1616) in paragraph at lines 162--165
[]\T1/futs/m/n/10 Jeuring, J. and E. Mei-jer (Eds.) (1995). \T1/futs/m/it/10 Ad
-vanced Func-tional Pro-gram-ming\T1/futs/m/n/10 .
 []


Underfull \hbox (badness 1314) in paragraph at lines 196--199
[]\T1/futs/m/n/10 Lipova£a, M. (2010). Learn You a Haskell for Great Good! Avai
l-able from
 []


Underfull \hbox (badness 10000) in paragraph at lines 201--204
[]\T1/futs/m/n/10 Marlow, S. (Ed.) (2010). \T1/futs/m/it/10 Haskell 2010 Lan-gu
age Re-port\T1/futs/m/n/10 .
 []

[604]
Overfull \hbox (77.17387pt too wide) in paragraph at lines 246--252
\T1/cmtt/m/n/10 http://research.microsoft.com/en-us/um/people/simonpj/papers/ma
rktoberdorf/\T1/futs/m/n/10 . 
 []


Underfull \hbox (badness 2205) in paragraph at lines 299--302
[]\T1/futs/m/n/10 Vene, V. and T. Uustalu (Eds.) (2004). \T1/futs/m/it/10 Ad-va
nced Func-tional Pro-gram-ming\T1/futs/m/n/10 .
 []

)
No file root.ind.
[605] (./root.aux (./titlepage.aux) (./0.aux) (./1.aux) (./2.aux) (./3.aux)
(./4.aux) (./5.aux) (./6.aux) (./7.aux) (./8.aux) (./9.aux) (./10.aux)
(./11.aux) (./12.aux) (./13.aux) (./14.aux) (./15.aux) (./16.aux) (./17.aux)
(./18.aux) (./19.aux) (./20.aux) (./21.aux) (./appendix1.aux) (./glossary.aux)
(./opsTable.aux) (./otherHs.aux) (./errors.aux) (./projects.aux)) ) 
Here is how much of TeX's memory you used:
 3952 strings out of 94073
 57665 string characters out of 1162983
 101713 words of memory out of 1500000
 6743 multiletter control sequences out of 10000+50000
 186012 words of font info for 176 fonts, out of 1200000 for 2000
 645 hyphenation exceptions out of 8191
 32i,14n,29p,1084b,434s stack positions out of 5000i,500n,6000p,200000b,5000s
{/usr/local/
texlive/2007/texmf-dist/fonts/enc/dvips/base/8r.enc}{/usr/local/texlive/2007/te
xmf-dist/fonts/enc/dvips/cm-super/cm-super-t1.enc}{/usr/local/texlive/2007/texm
f-dist/fonts/enc/dvips/cm-super/cm-super-ts1.enc}</usr/local/texlive/2007/texmf
-dist/fonts/type1/bluesky/cm/cmtt10.pfb></usr/local/texlive/2007/texmf-dist/fon
ts/type1/bluesky/cm/cmtt12.pfb></usr/local/texlive/2007/texmf-dist/fonts/type1/
bluesky/cm/cmtt8.pfb></usr/local/texlive/2007/texmf-dist/fonts/type1/public/fou
rier/fourier-mex.pfb></usr/local/texlive/2007/texmf-dist/fonts/type1/public/fou
rier/fourier-mlb.pfb></usr/local/texlive/2007/texmf-dist/fonts/type1/public/fou
rier/fourier-mlit.pfb></usr/local/texlive/2007/texmf-dist/fonts/type1/public/fo
urier/fourier-ms.pfb></usr/local/texlive/2007/texmf-dist/fonts/type1/bluesky/la
tex-fonts/lasy10.pfb></usr/local/texlive/2007/texmf-dist/fonts/type1/adobe/utop
ia/putb8a.pfb></usr/local/texlive/2007/texmf-dist/fonts/type1/adobe/utopia/putb
i8a.pfb></usr/local/texlive/2007/texmf-dist/fonts/type1/adobe/utopia/putr8a.pfb
></usr/local/texlive/2007/texmf-dist/fonts/type1/adobe/utopia/putr8a.pfb></usr/
local/texlive/2007/texmf-dist/fonts/type1/adobe/utopia/putri8a.pfb></usr/local/
texlive/2007/texmf-dist/fonts/type1/public/cm-super/sfit1000.pfb></usr/local/te
xlive/2007/texmf-dist/fonts/type1/public/cm-super/sfst1000.pfb></usr/local/texl
ive/2007/texmf-dist/fonts/type1/public/cm-super/sftt0800.pfb></usr/local/texliv
e/2007/texmf-dist/fonts/type1/public/cm-super/sftt1000.pfb></usr/local/texlive/
2007/texmf-dist/fonts/type1/public/cm-super/sftt1200.pfb></usr/local/texlive/20
07/texmf-dist/fonts/type1/public/cm-super/sftt1440.pfb></usr/local/texlive/2007
/texmf-dist/fonts/type1/urw/helvetic/uhvb8a.pfb></usr/local/texlive/2007/texmf-
dist/fonts/type1/urw/helvetic/uhvr8a.pfb></usr/local/texlive/2007/texmf-dist/fo
nts/type1/urw/helvetic/uhvro8a.pfb>
Output written on root.pdf (628 pages, 17556127 bytes).
PDF statistics:
 7172 PDF objects out of 7423 (max. 8388607)
 0 named destinations out of 1000 (max. 131072)
 746 words of extra memory for PDF output out of 10000 (max. 10000000)

